slug,last_commit_date,language,determination_tool,determination_date
burnsoftnet/BSServerMonitor,2019-12-01T00:01:22Z,Visual Basic .NET,github-linguist 8.0.1,2024-09-29T00:31:36Z
jairvelaz54/ProgramaSolucionDeProblemas,2019-12-01T01:02:42Z,Visual Basic .NET,github-linguist 8.0.1,2024-09-29T00:31:36Z
teamsmahdi/TP3-Ex3-Colis_TMW,2019-12-01T10:16:56Z,Visual Basic .NET,github-linguist 8.0.1,2024-09-29T00:31:36Z
zjkl19/AutoReport,2019-04-21T01:13:55Z,VBA,github-linguist 8.0.1,2024-09-29T00:31:36Z
kleytonslopes/Locar,2019-12-01T10:59:53Z,Visual Basic .NET,github-linguist 8.0.1,2024-09-29T00:31:36Z
schoquea/Generador3Capas,2019-12-01T11:43:22Z,Visual Basic .NET,github-linguist 8.0.1,2024-09-29T00:31:36Z
CodeBeast357/VBSH,2019-12-01T15:13:49Z,VBScript,github-linguist 8.0.1,2024-09-29T00:31:36Z
Vitosh/VBA,2019-12-01T17:04:23Z,Visual Basic .NET,github-linguist 8.0.1,2024-09-29T00:31:36Z
WillRy/desafio-docker-code-education,2019-12-01T17:58:23Z,Visual Basic 6.0,github-linguist 8.0.1,2024-09-29T00:31:36Z
VBDev2Dev/DBSetup,2019-12-01T19:54:12Z,Visual Basic .NET,github-linguist 8.0.1,2024-09-29T00:31:36Z
JamieParsons111/Fallout-Console-Quiz,2019-12-01T20:31:50Z,Visual Basic .NET,github-linguist 8.0.1,2024-09-29T00:31:36Z
FapCod/Laboratorio,2019-12-01T20:45:27Z,Visual Basic .NET,github-linguist 8.0.1,2024-09-29T00:31:36Z
RinceRang/Module7Option1,2019-12-01T20:46:53Z,Visual Basic .NET,github-linguist 8.0.1,2024-09-29T00:31:36Z
MarioFinale/MWBOT-TEST,2019-12-01T21:08:18Z,Visual Basic .NET,github-linguist 8.0.1,2024-09-29T00:31:36Z
tylerdewitt117/CS449NineMensMorris,2019-12-01T23:36:05Z,Visual Basic .NET,github-linguist 8.0.1,2024-09-29T00:31:36Z
mapacheco85/EjSuite,2019-12-01T23:40:08Z,Visual Basic .NET,github-linguist 8.0.1,2024-09-29T00:31:36Z
Jomixedyu/JxDccp,Unknown (repo deleted or no commits),,,
sforrester23/VB,Unknown (repo deleted or no commits),,,
TGReaPer1311/Lt,Unknown (repo deleted or no commits),,,
jbs84/Daydream-UWP-VB,Unknown (repo deleted or no commits),,,
nfearnley/mtod,2019-12-02T00:05:42Z,Visual Basic 6.0,github-linguist 8.0.1,2024-09-29T02:02:40Z
pompuchou/companion_vb,2019-12-02T00:39:04Z,Visual Basic .NET,github-linguist 8.0.1,2024-09-29T02:02:40Z
pompuchou/WebTest_vb,2019-12-02T00:40:31Z,Visual Basic .NET,github-linguist 8.0.1,2024-09-29T02:02:40Z
pompuchou/NHI_VPN,2019-12-02T00:41:22Z,Visual Basic .NET,github-linguist 8.0.1,2024-09-29T02:02:40Z
normal10as/pg2-s19e302-telefonia-caicer,2019-12-02T06:54:12Z,Visual Basic .NET,github-linguist 8.0.1,2024-09-29T02:02:40Z
ynrios189/VBA-challenge,2019-12-02T04:07:19Z,VBScript,github-linguist 8.0.1,2024-09-29T02:02:40Z
recreationx/UberKill-Patcher,2019-12-02T04:19:15Z,Visual Basic .NET,github-linguist 8.0.1,2024-09-29T02:02:40Z
asperks/curency_data_dump,2019-12-02T04:42:32Z,Visual Basic .NET,github-linguist 8.0.1,2024-09-29T02:02:40Z
clufdoug/DAC-VS-F19,2019-12-02T05:39:08Z,Visual Basic .NET,github-linguist 8.0.1,2024-09-29T02:02:40Z
Kgotso-Koete/Convert_PPT_to_imported_images,2019-12-02T05:52:40Z,VBA,github-linguist 8.0.1,2024-09-29T02:02:40Z
mima3/akanechan_powerpoint,2019-12-02T06:19:38Z,VBA,github-linguist 8.0.1,2024-09-29T02:02:40Z
libago09/vb,2019-12-02T10:17:39Z,Visual Basic .NET,github-linguist 8.0.1,2024-09-29T02:02:40Z
SimonBarnett/ExchangeRates,2019-12-02T11:49:48Z,Visual Basic .NET,github-linguist 8.0.1,2024-09-29T02:02:40Z
knightlyf/TicTacToe,2019-12-02T12:05:32Z,Visual Basic .NET,github-linguist 8.0.1,2024-09-29T02:02:40Z
ikageso1/KARAKURI,2019-12-02T12:41:39Z,Visual Basic .NET,github-linguist 8.0.1,2024-09-29T02:02:40Z
daluzi/-_database,2019-12-02T13:52:32Z,Visual Basic 6.0,github-linguist 8.0.1,2024-09-29T02:02:40Z
jgerdes96/Bachelorarbeit,2019-12-02T14:56:42Z,Visual Basic .NET,github-linguist 8.0.1,2024-09-29T02:02:40Z
ArthurBenbassat/bankrekeningmetklassen,2019-12-02T14:58:56Z,Visual Basic .NET,github-linguist 8.0.1,2024-09-29T02:02:40Z
ArthurBenbassat/wekker,2019-12-02T15:04:25Z,Visual Basic .NET,github-linguist 8.0.1,2024-09-29T02:02:40Z
allexlim/UlarTangga,2019-12-02T15:11:38Z,Visual Basic .NET,github-linguist 8.0.1,2024-09-29T02:02:40Z
BeaZOWIE/TP7_Station_meteo_9111,2019-12-02T15:34:56Z,Visual Basic .NET,github-linguist 8.0.1,2024-09-29T02:02:40Z
phiguimaran/Casarone,Unknown (repo deleted or no commits),,,
edy-kurniawan/Aplikasi-Perpustakaan-Visual-Studio-,2019-12-02T17:14:27Z,Visual Basic .NET,github-linguist 8.0.1,2024-09-29T02:02:40Z
pacho01/RollArt_SQLITE,2019-12-02T17:54:19Z,Visual Basic .NET,github-linguist 8.0.1,2024-09-29T02:02:40Z
FapCod/ESCUELAPOSTULANTE-EXAMENPARCIAL,2019-12-02T18:55:14Z,Visual Basic .NET,github-linguist 8.0.1,2024-09-29T02:02:40Z
letinmore/ogr2ogrGUI,2019-12-02T20:05:15Z,Visual Basic .NET,github-linguist 8.0.1,2024-09-29T02:02:40Z
CAES23/FARMACIA_VB,2019-12-02T21:00:49Z,Visual Basic .NET,github-linguist 8.0.1,2024-09-29T02:02:40Z
EdsonNS/SumatraPDFDarkTheme,2019-12-02T21:46:47Z,VBScript,github-linguist 8.0.1,2024-09-29T02:02:40Z
susanrima/Advanced-Excel,2019-12-02T22:00:03Z,Visual Basic .NET,github-linguist 8.0.1,2024-09-29T02:02:40Z
fernansoft/Execicios-Satoshi-1S,2019-12-02T22:00:34Z,Visual Basic .NET,github-linguist 8.0.1,2024-09-29T02:02:40Z
zhoutao929/msd_ssar,2019-12-02T23:02:01Z,Visual Basic .NET,github-linguist 8.0.1,2024-09-29T02:02:40Z
NRG-FHSU/OrderTracker,2019-12-02T23:36:40Z,Visual Basic .NET,github-linguist 8.0.1,2024-09-29T02:02:40Z
oscar1997-vb/Visual,2019-12-07T00:02:00Z,Visual Basic .NET,github-linguist 8.0.1,2024-09-29T03:13:49Z
millert1023/02-VBA-Homework,2019-12-07T00:50:23Z,Visual Basic .NET,github-linguist 8.0.1,2024-09-29T03:13:49Z
jonatasfreirejf/Flappy-Bird,2019-12-07T03:05:10Z,Visual Basic .NET,github-linguist 8.0.1,2024-09-29T03:13:49Z
aziesabd/dompetku_azis_syifa,2019-12-07T05:22:27Z,Visual Basic .NET,github-linguist 8.0.1,2024-09-29T03:13:49Z
gastonShoe/EPE2TallerPuntoNet,2019-12-07T05:26:41Z,Visual Basic .NET,github-linguist 8.0.1,2024-09-29T03:13:49Z
aurora1000/BSCOE-ELECTIVE-3,2019-12-07T06:55:43Z,Visual Basic .NET,github-linguist 8.0.1,2024-09-29T03:13:49Z
elyyqttt/BSCOEELECTIVE35-4,2019-12-07T08:33:59Z,Visual Basic .NET,github-linguist 8.0.1,2024-09-29T03:13:49Z
moudanoyamane/Hanashite,2019-12-07T14:05:43Z,Visual Basic .NET,github-linguist 8.0.1,2024-09-29T03:13:49Z
MateusAquino/editor-html-simples,2019-12-07T14:31:09Z,Visual Basic .NET,github-linguist 8.0.1,2024-09-29T03:13:49Z
daliborpuljiz/Convert-SQL-to-VBA-Line,2019-12-07T15:04:20Z,Visual Basic .NET,github-linguist 8.0.1,2024-09-29T03:13:49Z
ubuntulover09/gray-keylogger,2019-12-07T16:55:31Z,Visual Basic .NET,github-linguist 8.0.1,2024-09-29T03:13:49Z
RushdiEskandar/Be_Secure,2019-12-07T17:13:07Z,Visual Basic .NET,github-linguist 8.0.1,2024-09-29T03:13:49Z
lancebrown42/VB_Intro,2019-12-07T18:39:29Z,Visual Basic .NET,github-linguist 8.0.1,2024-09-29T03:13:49Z
jorgmour/ConexionBDA,Unknown (repo deleted or no commits),,,
akshitarora19/Visual-Basic,2019-12-07T23:52:26Z,Visual Basic .NET,github-linguist 8.0.1,2024-09-29T03:37:13Z
GrcPendragon/ChatGG,2019-12-06T01:12:14Z,Visual Basic .NET,github-linguist 8.0.1,2024-09-29T03:37:23Z
abejones26/VBA-challenge-new,2019-12-06T01:11:00Z,Visual Basic .NET,github-linguist 8.0.1,2024-09-29T03:37:23Z
KhoaTranQ/Visual-Basic-,2019-12-06T01:54:21Z,Visual Basic .NET,github-linguist 8.0.1,2024-09-29T03:37:23Z
divsh/CreateFolderAndTemplates,2019-12-06T02:03:46Z,Visual Basic .NET,github-linguist 8.0.1,2024-09-29T03:37:23Z
kodesiba/VBA-Challenge,2019-12-06T02:16:51Z,VBA,github-linguist 8.0.1,2024-09-29T03:37:23Z
Vicente2607/bootcamp,2019-12-06T02:21:26Z,VBA,github-linguist 8.0.1,2024-09-29T03:37:23Z
Irving9801/SoftwareVIII,2019-12-06T02:49:54Z,Visual Basic .NET,github-linguist 8.0.1,2024-09-29T03:37:23Z
jasonshaobin/WIX_Make_Language,2019-12-06T03:09:35Z,VBScript,github-linguist 8.0.1,2024-09-29T03:37:23Z
krintyso/TK-VS-F19,2019-12-06T04:18:06Z,Visual Basic .NET,github-linguist 8.0.1,2024-09-29T03:37:23Z
MarcetaAleksa-zz/S,Unknown (repo deleted or no commits),,,
DrikusStander/TempTest,2019-12-06T06:48:01Z,Visual Basic .NET,github-linguist 8.0.1,2024-09-29T03:37:23Z
lishtyl2/TL-VS-F19,2019-12-13T16:37:34Z,Visual Basic .NET,github-linguist 8.0.1,2024-09-29T03:37:23Z
hendroprwk08/WinAppVBListViewCrystalReport,2019-12-06T07:38:40Z,Visual Basic .NET,github-linguist 8.0.1,2024-09-29T03:37:23Z
hjnb/Save,2019-12-06T08:44:14Z,Visual Basic .NET,github-linguist 8.0.1,2024-09-29T03:37:23Z
Sachin-c/Pacman_in_VB,2019-12-06T09:22:08Z,Visual Basic 6.0,github-linguist 8.0.1,2024-09-29T03:37:23Z
Jairus24/ProjeckMilk,2019-12-06T09:27:37Z,Visual Basic .NET,github-linguist 8.0.1,2024-09-29T03:37:23Z
Leon-Singleton/Secondary-School-Mangement-Application-VB,2019-12-06T10:11:24Z,Visual Basic .NET,github-linguist 8.0.1,2024-09-29T03:37:23Z
Shoichiinaba/toko,2019-12-04T22:23:18Z,Visual Basic .NET,github-linguist 8.0.1,2024-09-29T03:37:23Z
netk-infosys/ForInheritance,2019-12-06T10:23:07Z,Visual Basic .NET,github-linguist 8.0.1,2024-09-29T03:37:23Z
sebastianbenitez/EstacionamientoCoconuts,2019-12-06T12:27:55Z,Visual Basic .NET,github-linguist 8.0.1,2024-09-29T03:37:23Z
pacope1/scoreTracker,2019-12-06T14:56:54Z,Visual Basic .NET,github-linguist 8.0.1,2024-09-29T03:37:23Z
NelsRykk/RJN-VS-F19,2019-12-06T15:34:57Z,Visual Basic .NET,github-linguist 8.0.1,2024-09-29T03:37:23Z
slacdyla/DTS-VS-F19,2019-12-06T16:02:18Z,Visual Basic .NET,github-linguist 8.0.1,2024-09-29T03:37:23Z
Qwizi/vbs,2019-12-06T16:08:54Z,VBScript,github-linguist 8.0.1,2024-09-29T03:37:23Z
jrodd96/web-browser_jws-master,2019-12-06T20:42:55Z,Visual Basic .NET,github-linguist 8.0.1,2024-09-29T03:37:23Z
nicol909/Stand-Alone_CodeAnalysisApp1,2019-12-06T21:18:18Z,Visual Basic .NET,github-linguist 8.0.1,2024-09-29T03:37:23Z
DanielChoque/IQ_Core,2019-12-06T21:38:32Z,Visual Basic .NET,github-linguist 8.0.1,2024-09-29T03:37:23Z
juanhoilz/SIF,2019-12-06T21:46:47Z,Visual Basic .NET,github-linguist 8.0.1,2024-09-29T03:37:23Z
Daylend/PongVB,2019-12-06T22:05:54Z,Visual Basic .NET,github-linguist 8.0.1,2024-09-29T03:37:23Z
Daylend/PrimeVB,2019-12-06T22:15:15Z,Visual Basic .NET,github-linguist 8.0.1,2024-09-29T03:37:23Z
sitirahmah26/aplikasiKas_Siti_Rahmah_Rina_Dwimadina,2019-12-06T23:26:24Z,Visual Basic .NET,github-linguist 8.0.1,2024-09-29T03:37:23Z
leobastiani/Skype,2019-12-05T00:27:28Z,VBScript,github-linguist 8.0.1,2024-09-29T03:55:17Z
Wino3/PlanetsBarChart,2019-12-05T01:21:18Z,Visual Basic .NET,github-linguist 8.0.1,2024-09-29T03:55:17Z
JohnWilkins82/FlightPlanner4,Unknown (repo deleted or no commits),,,
carlnathF19/NDC-VS-F19,2019-12-05T01:54:16Z,Visual Basic .NET,github-linguist 8.0.1,2024-09-29T03:55:17Z
benjov/VBA-challenge,2019-12-05T02:31:23Z,VBScript,github-linguist 8.0.1,2024-09-29T03:55:17Z
Laborico/Maquinas-de-Turing,2019-12-05T03:40:32Z,Visual Basic .NET,github-linguist 8.0.1,2024-09-29T03:55:17Z
aroz-online/ArUSB2Win,2019-12-05T05:14:44Z,Visual Basic .NET,github-linguist 8.0.1,2024-09-29T03:55:17Z
Dynases/Dino_Lavamatico,2019-12-05T06:23:09Z,Visual Basic .NET,github-linguist 8.0.1,2024-09-29T03:55:17Z
CemTopuk/my_projects,2019-12-05T07:50:06Z,Visual Basic .NET,github-linguist 8.0.1,2024-09-29T03:55:17Z
XIAOMO34/zhenjiangxiangmu,2019-12-05T07:58:30Z,Visual Basic .NET,github-linguist 8.0.1,2024-09-29T03:55:17Z
weskleyM/VisualStudio,2019-12-05T09:12:29Z,Visual Basic .NET,github-linguist 8.0.1,2024-09-29T03:55:17Z
nkchoudhary2000/Suvery-Text-Fomatting,2019-12-05T10:22:37Z,VBA,github-linguist 8.0.1,2024-09-29T03:55:17Z
csMiz/Project322_IPCV2019,2019-12-05T10:23:21Z,Visual Basic .NET,github-linguist 8.0.1,2024-09-29T03:55:17Z
iamvictorabedi/vb-project,2019-12-05T10:49:26Z,Visual Basic .NET,github-linguist 8.0.1,2024-09-29T03:55:17Z
Jvtetrault/SP-Time-Study,2019-12-05T11:12:58Z,Visual Basic .NET,github-linguist 8.0.1,2024-09-29T03:55:17Z
alvinanulat/HACDOGS,2019-12-05T12:28:44Z,Visual Basic .NET,github-linguist 8.0.1,2024-09-29T03:55:17Z
MarcoDSilva/learning-Vb,Unknown (repo deleted or no commits),,,
MedatechUK/ExchangeRates,2019-12-02T11:49:48Z,Visual Basic .NET,github-linguist 8.0.1,2024-09-29T03:55:17Z
MedatechUK/RunBat,2019-11-21T09:43:51Z,Visual Basic .NET,github-linguist 8.0.1,2024-09-29T03:55:17Z
MedatechUK/api,2019-11-13T15:55:50Z,Visual Basic .NET,github-linguist 8.0.1,2024-09-29T03:55:17Z
MedatechUK/pixie,2017-01-10T22:00:00Z,Visual Basic .NET,github-linguist 8.0.1,2024-09-29T03:55:17Z
MedatechUK/MultiDocScan,2017-07-10T13:27:43Z,Visual Basic .NET,github-linguist 8.0.1,2024-09-29T03:55:17Z
MedatechUK/DocScanSingle,2018-04-12T16:26:21Z,Visual Basic .NET,github-linguist 8.0.1,2024-09-29T03:55:17Z
MedatechUK/prnSvr,2018-04-12T16:10:12Z,Visual Basic .NET,github-linguist 8.0.1,2024-09-29T03:55:17Z
MedatechUK/xhttpost,2019-04-14T09:23:02Z,Visual Basic .NET,github-linguist 8.0.1,2024-09-29T03:55:17Z
MedatechUK/tru3pl,2019-05-12T09:23:10Z,Visual Basic .NET,github-linguist 8.0.1,2024-09-29T03:55:17Z
Areesha-Binte-Riaz/String-Manipulation,2019-12-05T13:31:25Z,Visual Basic .NET,github-linguist 8.0.1,2024-09-29T03:55:17Z
telthemweb/helpDesk,2019-12-05T13:31:58Z,Visual Basic .NET,github-linguist 8.0.1,2024-09-29T03:55:17Z
ammogcoder/dotNetHelper,2019-12-05T14:51:14Z,Visual Basic .NET,github-linguist 8.0.1,2024-09-29T03:55:17Z
Aaqib007/AS-string-manipulation,2019-12-05T15:13:55Z,Visual Basic .NET,github-linguist 8.0.1,2024-09-29T03:55:17Z
xingyuminhang/PeriodicTableProjects,2019-12-05T15:21:13Z,Visual Basic .NET,github-linguist 8.0.1,2024-09-29T03:55:17Z
bennythejet16/Virtual_Basic_Scrips,2019-12-05T16:16:18Z,VBScript,github-linguist 8.0.1,2024-09-29T03:55:17Z
hacefrio/CRUDSQLVisualBasic,2019-12-05T16:19:24Z,Visual Basic .NET,github-linguist 8.0.1,2024-09-29T03:55:17Z
tdoanUNCG/VBA-challenge,2019-12-05T17:17:44Z,Visual Basic .NET,github-linguist 8.0.1,2024-09-29T03:55:17Z
CechItOut/Memory-Manager,2019-12-05T17:23:43Z,Visual Basic .NET,github-linguist 8.0.1,2024-09-29T03:55:17Z
erinaldo/ULMAStudio,2019-12-05T17:29:26Z,Visual Basic .NET,github-linguist 8.0.1,2024-09-29T03:55:17Z
74354210/CoidigoGesa2019pro,2019-12-05T17:34:24Z,Visual Basic .NET,github-linguist 8.0.1,2024-09-29T03:55:17Z
BlameTroi/smallBASIC-samples,2019-12-05T18:31:34Z,FreeBasic,github-linguist 8.0.1,2024-09-29T03:55:17Z
jeanslikecodes/adm-cartoes,2019-12-05T19:24:21Z,VBA,github-linguist 8.0.1,2024-09-29T03:55:17Z
Rdavid1991/Proyect2,2019-12-05T20:04:13Z,Visual Basic .NET,github-linguist 8.0.1,2024-09-29T03:55:17Z
warrenvince/vba-challenge,2019-12-05T20:13:25Z,VBScript,github-linguist 8.0.1,2024-09-29T03:55:17Z
MrMarkian/CSEdit2,2019-12-05T20:21:40Z,Visual Basic .NET,github-linguist 8.0.1,2024-09-29T03:55:17Z
Phreak87/FFSend,Unknown (repo deleted or no commits),,,
vrvelasco/Visual-Basic-Programming-II,2019-12-05T22:32:57Z,Visual Basic .NET,github-linguist 8.0.1,2024-09-29T03:55:17Z
sbell1258/NorthwesternUBootcamp,2019-12-04T00:01:34Z,Visual Basic .NET,github-linguist 8.0.1,2024-09-29T03:56:13Z
RodrigoNovas/intercopVBNET,2019-12-04T00:36:07Z,Visual Basic .NET,github-linguist 8.0.1,2024-09-29T03:56:13Z
ggemilio/avis,2019-08-07T22:23:48Z,Visual Basic 6.0,github-linguist 8.0.1,2024-09-29T03:56:13Z
Sovannak22/dockerTest4,2019-07-09T10:26:49Z,Visual Basic 6.0,github-linguist 8.0.1,2024-09-29T03:56:13Z
AnnisaPutri20/Tugas3PraktikumVisual,2019-12-04T01:21:35Z,Visual Basic .NET,github-linguist 8.0.1,2024-09-29T03:56:13Z
laomms/InlineHook_VB,2019-12-04T01:37:44Z,Visual Basic .NET,github-linguist 8.0.1,2024-09-29T03:56:13Z
nurulalawiyah/AplikasiKas_Nurul-Alawiyah_Rohani,2019-12-04T02:06:49Z,Visual Basic .NET,github-linguist 8.0.1,2024-09-29T03:56:13Z
CitrusIce/OfficeMacroGenerator,2019-12-04T03:20:19Z,VBA,github-linguist 8.0.1,2024-09-29T03:56:13Z
aaldyy/Tugas-3-PraktikumVB,2019-12-04T03:23:46Z,Visual Basic .NET,github-linguist 8.0.1,2024-09-29T03:56:13Z
hwydant/aplikasiKas_Ahmad_Zaki_Dimas_Maulana_Muhammad,2019-12-04T04:22:29Z,Visual Basic .NET,github-linguist 8.0.1,2024-09-29T03:56:13Z
JamesFlippin/VB_Demo-Code-Random-Number-Generator,2019-12-04T04:37:14Z,Visual Basic .NET,github-linguist 8.0.1,2024-09-29T03:56:13Z
billjing/SCode,2019-12-04T04:29:19Z,Visual Basic .NET,github-linguist 8.0.1,2024-09-29T03:56:13Z
kaoru387/docker-php7-ssl,2019-12-04T05:35:19Z,Visual Basic 6.0,github-linguist 8.0.1,2024-09-29T03:56:13Z
otterodeivi/Remiseria,2019-12-04T05:37:33Z,Visual Basic .NET,github-linguist 8.0.1,2024-09-29T03:56:13Z
jhanskii/prjCntctMngmnt,2019-12-04T05:52:00Z,Visual Basic .NET,github-linguist 8.0.1,2024-09-29T03:56:13Z
rodskogj/ConvertDMS2Decimal,2019-12-04T06:17:17Z,Visual Basic 6.0,github-linguist 8.0.1,2024-09-29T03:56:13Z
milaerlina/Visual_Basic_CRUD,2019-12-04T06:34:01Z,Visual Basic .NET,github-linguist 8.0.1,2024-09-29T03:56:13Z
milaerlina/AplikasiKas_MilaErlina_NorAzizah,2019-12-04T08:13:30Z,Visual Basic .NET,github-linguist 8.0.1,2024-09-29T03:56:13Z
Erwdhan429/AplikasiKas_AhmadRamadhani,2019-12-04T08:18:37Z,Visual Basic .NET,github-linguist 8.0.1,2024-09-29T03:56:13Z
GavinHwa/AutoJump,Unknown (repo deleted or no commits),,,
AhmedRaashwan/ExtoVcf,2019-12-04T09:30:18Z,Visual Basic .NET,github-linguist 8.0.1,2024-09-29T03:56:13Z
saivikas408/TestRepoAsGit,2019-12-03T20:49:17Z,Visual Basic .NET,github-linguist 8.0.1,2024-09-29T03:56:13Z
sataketatsuya1121/workshop,2019-12-04T09:35:26Z,Visual Basic 6.0,github-linguist 8.0.1,2024-09-29T03:56:13Z
SaiSunamdha/v-sem-project,2019-12-04T10:39:23Z,Visual Basic .NET,github-linguist 8.0.1,2024-09-29T03:56:13Z
Rising80/advent_of_code2019,2019-12-04T11:00:57Z,Visual Basic .NET,github-linguist 8.0.1,2024-09-29T03:56:13Z
enriquewph/Impresora-Braille_swpc,2019-12-04T11:28:22Z,Visual Basic .NET,github-linguist 8.0.1,2024-09-29T03:56:13Z
daumie/matching-game,2019-12-04T12:30:28Z,Visual Basic .NET,github-linguist 8.0.1,2024-09-29T03:56:13Z
TsvetiZlateva/Sloth-Browser,2019-12-04T12:57:00Z,Visual Basic .NET,github-linguist 8.0.1,2024-09-29T03:56:13Z
SyifaSB/Visual_Basic_KasKeluarMasuk,2019-12-04T13:51:46Z,Visual Basic .NET,github-linguist 8.0.1,2024-09-29T03:56:13Z
aaraujo2019/LabS,2019-12-04T14:21:07Z,Visual Basic .NET,github-linguist 8.0.1,2024-09-29T03:56:13Z
MarcetaAleksa-zz/Kasa,2019-12-04T14:46:03Z,Visual Basic .NET,github-linguist 8.0.1,2024-09-29T03:56:13Z
jafarkurniadi/aplikasi_kas,2019-12-04T14:50:44Z,Visual Basic .NET,github-linguist 8.0.1,2024-09-29T03:56:13Z
ginaaprilianti/Visual_Studio_Kas,2019-12-04T15:28:24Z,Visual Basic .NET,github-linguist 8.0.1,2024-09-29T03:56:13Z
ginaaprilianti/aplikasiKas_GinaAprilianti_AidaRizkina,2019-12-04T15:37:16Z,Visual Basic .NET,github-linguist 8.0.1,2024-09-29T03:56:13Z
rakeshv07/ColorPicker-Windows-App,2019-12-04T15:44:37Z,Visual Basic .NET,github-linguist 8.0.1,2024-09-29T03:56:13Z
master-kamal12/aplikasikas_M,Unknown (repo deleted or no commits),,,
RoVRy/Calc,2019-12-04T18:03:14Z,Visual Basic .NET,github-linguist 8.0.1,2024-09-29T03:56:13Z
RoVRy/NetSpkHisViewer,2019-12-04T18:16:39Z,Visual Basic .NET,github-linguist 8.0.1,2024-09-29T03:56:13Z
ssepulvedamcl/CursoVisualBasicNET,2019-12-04T18:19:37Z,Visual Basic .NET,github-linguist 8.0.1,2024-09-29T03:56:13Z
ntio/stm32flash,2019-12-04T19:18:57Z,Visual Basic 6.0,github-linguist 8.0.1,2024-09-29T03:56:13Z
Th3Shadowbroker/Advent-of-Code-2019,2019-12-04T19:46:29Z,Visual Basic .NET,github-linguist 8.0.1,2024-09-29T03:56:13Z
kipmadden/LottoNumbers,2019-12-04T19:48:17Z,Visual Basic .NET,github-linguist 8.0.1,2024-09-29T03:56:13Z
Krazygamr/routerfiletransfer,2019-12-04T20:14:04Z,VBScript,github-linguist 8.0.1,2024-09-29T03:56:13Z
spennyharrison/vba-challenge,2019-12-04T20:12:27Z,VBA,github-linguist 8.0.1,2024-09-29T03:56:13Z
Wyattmontana/Airline-Reservatiom,2019-12-04T20:33:24Z,Visual Basic .NET,github-linguist 8.0.1,2024-09-29T03:56:13Z
zhuoranzhang-ryan/VBA_Homework,2019-12-04T22:05:52Z,VBA,github-linguist 8.0.1,2024-09-29T03:56:13Z
AlexDaza127/ventasnominasjuegosvb,2019-12-04T23:10:10Z,Visual Basic .NET,github-linguist 8.0.1,2024-09-29T03:56:13Z
yyqyu/notam_check,2019-12-04T23:34:32Z,VBScript,github-linguist 8.0.1,2024-09-29T03:56:13Z
LZBiala/-The-VBA-of-Wall-Street,2019-12-03T00:54:48Z,VBA,github-linguist 8.0.1,2024-09-29T04:19:24Z
MorganAbraham/VbTicTacToe,2019-12-03T01:14:48Z,Visual Basic .NET,github-linguist 8.0.1,2024-09-29T04:19:24Z
vastopol/ti_basics,2019-12-03T02:10:54Z,Visual Basic 6.0,github-linguist 8.0.1,2024-09-29T04:19:24Z
samuel-ribeiro-almeida/laravel_redis_mysql,2019-10-11T12:33:29Z,Visual Basic 6.0,github-linguist 8.0.1,2024-09-29T04:19:24Z
rrooliveira/laravel-code,2019-10-16T23:32:27Z,Visual Basic 6.0,github-linguist 8.0.1,2024-09-29T04:19:24Z
dcd6395/VBA_Of_Wall_Street_Project,2019-12-03T07:00:21Z,VBScript,github-linguist 8.0.1,2024-09-29T04:19:24Z
KostuchGP/Cost_Timer,2019-12-03T07:33:52Z,Visual Basic .NET,github-linguist 8.0.1,2024-09-29T04:19:24Z
creasy-pita/foxtable01,2019-12-03T09:50:17Z,Visual Basic .NET,github-linguist 8.0.1,2024-09-29T04:19:24Z
hanaexcl/ScalarQuantization,2019-12-03T10:11:36Z,Visual Basic .NET,github-linguist 8.0.1,2024-09-29T04:19:24Z
uzansha/Program_Kas,2019-12-03T10:07:12Z,Visual Basic .NET,github-linguist 8.0.1,2024-09-29T04:19:24Z
noviasirlina/Program_Kas,2019-12-03T10:39:01Z,Visual Basic .NET,github-linguist 8.0.1,2024-09-29T04:19:24Z
ridharmdhni/Aplikasi_Kas,2019-12-03T12:01:43Z,Visual Basic .NET,github-linguist 8.0.1,2024-09-29T04:19:24Z
Ixchel97/Praktikum3_VB,2019-12-03T12:00:12Z,Visual Basic .NET,github-linguist 8.0.1,2024-09-29T04:19:24Z
blackzafiqz/Movie-Ticketing-System-VB,Unknown (repo deleted or no commits),,,
hakqlim/FTUN,2019-12-03T12:53:13Z,Visual Basic .NET,github-linguist 8.0.1,2024-09-29T04:19:24Z
MuhammadRifkiHaekal/Aplikasi_Kas,2019-12-03T14:01:34Z,Visual Basic .NET,github-linguist 8.0.1,2024-09-29T04:19:24Z
Devil7-Softwares/Android-Sepolicy-Helper,2019-12-03T08:01:36Z,C#,github-linguist 8.0.1,2024-09-29T04:19:24Z
Ettel/SIAREVB,2019-12-03T14:08:19Z,Visual Basic .NET,github-linguist 8.0.1,2024-09-29T04:19:24Z
noorlailanii/Tugas_3_Praktikum_Visual,2019-12-03T14:16:31Z,Visual Basic .NET,github-linguist 8.0.1,2024-09-29T04:19:24Z
eelewis/SDEV140_Final,2019-12-03T13:16:58Z,Visual Basic .NET,github-linguist 8.0.1,2024-09-29T04:19:24Z
tomkendall/Test-For-Particles,2019-12-03T15:11:36Z,Visual Basic .NET,github-linguist 8.0.1,2024-09-29T04:19:24Z
Git-Good-Milo/Week_2_PluralSight_reusable_DDLs_continued,2019-12-03T16:58:16Z,Visual Basic .NET,github-linguist 8.0.1,2024-09-29T04:19:24Z
Git-Good-Milo/Week_3_Pluralsight_If_and_Loops,2019-12-03T17:00:30Z,Visual Basic .NET,github-linguist 8.0.1,2024-09-29T04:19:24Z
pathelom/Gestion-Stock,2019-12-03T18:10:43Z,Visual Basic .NET,github-linguist 8.0.1,2024-09-29T04:19:24Z
kipmadden/VBA-challenge,2019-12-03T19:22:51Z,Visual Basic .NET,github-linguist 8.0.1,2024-09-29T04:19:24Z
qkNorris/Windows-Enhancement-Project,2019-12-03T19:31:52Z,Visual Basic .NET,github-linguist 8.0.1,2024-09-29T04:19:24Z
mpictor/pic16x8x-uC,2019-12-03T21:04:02Z,FreeBasic,github-linguist 8.0.1,2024-09-29T04:19:24Z
ScottBailey37/Sudoku,2019-12-03T21:42:21Z,Visual Basic .NET,github-linguist 8.0.1,2024-09-29T04:19:24Z
Rohani123/AplikasiKas_Rohani_NurulAlawiyah,2019-12-03T22:13:03Z,Visual Basic .NET,github-linguist 8.0.1,2024-09-29T04:19:24Z
HPANY/MII_COLEGIO_WEB,2019-12-02T18:44:12Z,Visual Basic .NET,github-linguist 8.0.1,2024-09-29T04:19:24Z
heriberto251196/patalla_stdet,2019-11-25T02:00:05Z,Visual Basic .NET,github-linguist 8.0.1,2024-09-29T04:19:24Z
ScottBailey37/ScrabbleWordFinder,2019-12-03T23:39:30Z,Visual Basic .NET,github-linguist 8.0.1,2024-09-29T04:19:24Z
mhargroder/VBA-challenge-,2019-11-30T01:06:08Z,VBA,github-linguist 8.0.1,2024-09-29T07:07:16Z
spreedated/geoip_location,2019-11-30T01:28:44Z,Visual Basic .NET,github-linguist 8.0.1,2024-09-29T07:07:16Z
Auios/AuLibFB,2019-11-30T02:18:10Z,FreeBasic,github-linguist 8.0.1,2024-09-29T07:07:16Z
Adama-Doh/Material-Design,2019-11-30T03:43:18Z,Visual Basic .NET,github-linguist 8.0.1,2024-09-29T07:07:16Z
TioFuna/2HackathonCarreirasUP,2019-11-30T05:08:36Z,Visual Basic .NET,github-linguist 8.0.1,2024-09-29T07:07:16Z
xiongyejun/05-vbe,2019-11-30T05:57:36Z,VBA,github-linguist 8.0.1,2024-09-29T07:07:16Z
KingTugce/VisualStudioWebProject,2019-11-30T06:52:19Z,Visual Basic .NET,github-linguist 8.0.1,2024-09-29T07:07:16Z
kristi4n/Ular-Tangga-Main-Menu,2019-11-30T07:40:46Z,Visual Basic .NET,github-linguist 8.0.1,2024-09-29T07:07:16Z
ktcl444/C-Sharp,2019-11-30T11:13:52Z,Visual Basic .NET,github-linguist 8.0.1,2024-09-29T07:07:16Z
Fcelikq/Cafe-siparis-takip-sistemi,2019-11-30T13:52:33Z,Visual Basic .NET,github-linguist 8.0.1,2024-09-29T07:07:16Z
DhirManish/Vbsript,2019-11-30T15:17:59Z,VBScript,github-linguist 8.0.1,2024-09-29T07:07:16Z
InsaneJetman/tic-tac-toe,2019-11-30T22:07:59Z,FreeBasic,github-linguist 8.0.1,2024-09-29T07:07:16Z
TiredMumCoding/DBQueryScreen,2019-11-30T22:22:24Z,Visual Basic .NET,github-linguist 8.0.1,2024-09-29T07:07:16Z
wuliaopage/ghost-docker,2019-11-30T23:18:50Z,Visual Basic 6.0,github-linguist 8.0.1,2024-09-29T07:07:16Z
topospec/star-delta_motor,2019-11-30T23:48:43Z,Visual Basic 6.0,github-linguist 8.0.1,2024-09-29T07:07:16Z
DevZest/AdventureWorksLT,2019-11-29T02:58:33Z,Visual Basic .NET,github-linguist 8.0.1,2024-09-29T08:09:44Z
takeshi4w/vba,2019-11-29T03:13:59Z,VBA,github-linguist 8.0.1,2024-09-29T08:09:44Z
martinsnelson/AspNetCore,2019-11-29T03:31:22Z,Visual Basic 6.0,github-linguist 8.0.1,2024-09-29T08:09:44Z
raflidev/OurAdventureVB,2019-11-29T03:46:35Z,Visual Basic .NET,github-linguist 8.0.1,2024-09-29T08:09:44Z
aaronwsnow/the_athena_project,2019-11-29T04:53:48Z,Visual Basic .NET,github-linguist 8.0.1,2024-09-29T08:09:44Z
LP-Atkins/EyeCare-20-20-20,2019-11-29T05:09:59Z,Visual Basic 6.0,github-linguist 8.0.1,2024-09-29T08:09:44Z
ChristianNomena/MVT-GDE,2019-11-29T05:30:54Z,Visual Basic .NET,github-linguist 8.0.1,2024-09-29T08:09:44Z
Jackelope96/OfficeExpress,2019-08-20T06:00:22Z,Visual Basic .NET,github-linguist 8.0.1,2024-09-29T08:09:44Z
RjrodG/WMMCQueueManagementSystem,2019-11-29T08:59:38Z,Visual Basic .NET,github-linguist 8.0.1,2024-09-29T08:09:44Z
PhilippeRaemy/OutlookMacros,2019-11-29T09:42:11Z,VBA,github-linguist 8.0.1,2024-09-29T08:09:44Z
Straight-6/xlsx_cloner,2019-11-29T10:22:16Z,VBScript,github-linguist 8.0.1,2024-09-29T08:09:44Z
spreedated/win10_privacy,2019-11-29T12:38:08Z,Visual Basic .NET,github-linguist 8.0.1,2024-09-29T08:09:44Z
Dynases/DicontaDino,2019-11-29T14:11:57Z,Visual Basic .NET,github-linguist 8.0.1,2024-09-29T08:09:44Z
mrbjn99/code-tua-lua,2019-11-29T14:41:02Z,Visual Basic .NET,github-linguist 8.0.1,2024-09-29T08:09:44Z
HSCanada/US_Promo,2019-11-14T15:41:06Z,Visual Basic 6.0,github-linguist 8.0.1,2024-09-29T08:09:44Z
Git-Good-Milo/Week_2_Pluralsight_reusable_DLLs_with_app,2019-11-29T15:42:44Z,Visual Basic .NET,github-linguist 8.0.1,2024-09-29T08:09:44Z
Hammad020/Array-Manipulation,2019-11-29T15:56:03Z,Visual Basic .NET,github-linguist 8.0.1,2024-09-29T08:09:44Z
DeVeLHacKiNgTeAm/rdr2launcher,2019-11-29T17:48:48Z,Visual Basic .NET,github-linguist 8.0.1,2024-09-29T08:09:44Z
DaveBabler/VBPieceworkA,2019-11-29T20:15:31Z,Visual Basic .NET,github-linguist 8.0.1,2024-09-29T08:09:44Z
nicolaslazzos/pav-tp,2019-11-29T22:11:49Z,Visual Basic .NET,github-linguist 8.0.1,2024-09-29T08:09:44Z
IEarari/OOP-Rec-Cub-Calc,2019-11-29T22:12:49Z,Visual Basic .NET,github-linguist 8.0.1,2024-09-29T08:09:44Z
fernansoft/VBA,Unknown (repo deleted or no commits),,,
m-j-carter/Synesthetic-Word-Presenter,2019-11-29T22:37:19Z,VBA,github-linguist 8.0.1,2024-09-29T08:09:44Z
sumant-28/LinearRegression_in_VBA,2019-11-29T23:06:35Z,VBA,github-linguist 8.0.1,2024-09-29T08:09:44Z
ryouishikawa/helloishikawa,2019-11-28T01:27:44Z,VBScript,github-linguist 8.0.1,2024-09-29T09:08:26Z
moellnator/Myrh,2019-11-28T02:02:07Z,Visual Basic .NET,github-linguist 8.0.1,2024-09-29T09:08:26Z
karenpayneoregon/WindowsFormsTextBoxWhereClause,2019-11-28T02:07:52Z,Visual Basic .NET,github-linguist 8.0.1,2024-09-29T09:08:26Z
racheltanmm/MyWindowsService,2019-11-28T03:05:46Z,Visual Basic .NET,github-linguist 8.0.1,2024-09-29T09:08:26Z
hjnb/Work2,2019-11-28T03:18:57Z,Visual Basic .NET,github-linguist 8.0.1,2024-09-29T09:08:26Z
pacoyx/contacm,2019-11-28T03:33:00Z,Visual Basic .NET,github-linguist 8.0.1,2024-09-29T09:08:26Z
allan355/ProyectoProgra2,2019-11-28T03:38:53Z,Visual Basic .NET,github-linguist 8.0.1,2024-09-29T09:08:26Z
pacoyx/CONTADBS,2019-11-28T03:40:07Z,Visual Basic .NET,github-linguist 8.0.1,2024-09-29T09:08:26Z
dukang1996/autocad_plugin,2019-11-28T05:12:01Z,VBA,github-linguist 8.0.1,2024-09-29T09:08:26Z
ramadhanalfarisi/LatihanLKSPerpustakaan,2019-11-28T06:49:41Z,Visual Basic .NET,github-linguist 8.0.1,2024-09-29T09:08:26Z
zhangjyu88/Combine-Excel-VBA,2019-11-28T07:25:56Z,VBA,github-linguist 8.0.1,2024-09-29T09:08:26Z
VB6Hobbyst7/TAVIL2018,2019-11-28T08:03:36Z,Visual Basic .NET,github-linguist 8.0.1,2024-09-29T09:08:26Z
bollineni36/myncpldockerfiles,2019-11-28T08:50:41Z,Visual Basic 6.0,github-linguist 8.0.1,2024-09-29T09:08:26Z
MuhammadAreebKazmi/Array-Manipulation,2019-11-28T09:23:46Z,Visual Basic .NET,github-linguist 8.0.1,2024-09-29T09:08:26Z
andermaestre/DatasetsOTRAPUTAVEZ,2019-11-28T10:08:16Z,Visual Basic .NET,github-linguist 8.0.1,2024-09-29T09:08:26Z
NIK0NAME/VisualMagic,2019-11-28T10:16:25Z,Visual Basic .NET,github-linguist 8.0.1,2024-09-29T09:08:26Z
Rizki291/Tupperware,2019-11-28T10:22:52Z,Visual Basic .NET,github-linguist 8.0.1,2024-09-29T09:08:26Z
sebastocrator/FilesMonitor,2019-11-28T10:34:03Z,Visual Basic .NET,github-linguist 8.0.1,2024-09-29T09:08:26Z
saidtetik/Web-Ceviri,2019-11-28T11:51:04Z,VBA,github-linguist 8.0.1,2024-09-29T09:08:26Z
Franco28/RedmiNote7Tool,2019-11-28T11:59:16Z,Visual Basic .NET,github-linguist 8.0.1,2024-09-29T09:08:26Z
allexlim/SAA,2019-11-28T12:44:33Z,Visual Basic .NET,github-linguist 8.0.1,2024-09-29T09:08:26Z
kleinechristoph/wbTag,2019-11-28T12:48:39Z,VBA,github-linguist 8.0.1,2024-09-29T09:08:26Z
AwakeT/ipv6,2019-11-28T13:15:28Z,Visual Basic 6.0,github-linguist 8.0.1,2024-09-29T09:08:26Z
blackunixteam/Lime-Miner,2019-01-26T13:52:36Z,Visual Basic .NET,github-linguist 8.0.1,2024-09-29T09:08:26Z
SaadHasan13/ArrayManipulation,2019-11-28T15:45:18Z,Visual Basic .NET,github-linguist 8.0.1,2024-09-29T09:08:26Z
Git-Good-Milo/Week_2_Pluralsight_Collections,2019-11-28T16:47:26Z,Visual Basic .NET,github-linguist 8.0.1,2024-09-29T09:08:26Z
Rakz2205/MeetingInviteSenderMacro,2019-11-28T17:11:37Z,VBScript,github-linguist 8.0.1,2024-09-29T09:08:26Z
Vixentrix/fps,Unknown (repo deleted or no commits),,,
sdokurer/Basic-Excel-Macros,2019-11-28T20:21:51Z,Visual Basic 6.0,github-linguist 8.0.1,2024-09-29T09:08:26Z
AlainDelerue/htvp,2019-11-28T20:45:41Z,Visual Basic 6.0,github-linguist 8.0.1,2024-09-29T09:08:26Z
TransformaTI/CyC,2018-07-12T15:16:47Z,Visual Basic .NET,github-linguist 8.0.1,2024-09-29T09:08:26Z
Brook-sys/TicTacToeTest,2019-11-28T22:19:38Z,Visual Basic .NET,github-linguist 8.0.1,2024-09-29T09:08:26Z
Brook-sys/BhaskaraCalculator,2019-11-28T22:21:21Z,Visual Basic .NET,github-linguist 8.0.1,2024-09-29T09:08:26Z
Brook-sys/AdsScraper,2019-11-28T22:26:02Z,Visual Basic .NET,github-linguist 8.0.1,2024-09-29T09:08:26Z
Brook-sys/BinChecker,2019-11-28T22:29:21Z,Visual Basic .NET,github-linguist 8.0.1,2024-09-29T09:08:26Z
pbhoomika888/Vba_Challenge,2019-11-27T01:13:30Z,VBA,github-linguist 8.0.1,2024-09-29T11:06:43Z
tomascardoner/csdbtools,2019-11-27T01:33:33Z,Visual Basic .NET,github-linguist 8.0.1,2024-09-29T11:06:43Z
allisonwest/vba-challenge,2019-11-27T01:40:15Z,VBScript,github-linguist 8.0.1,2024-09-29T11:06:43Z
mavsanchez/VBA-challenge,2019-11-27T01:59:11Z,VBScript,github-linguist 8.0.1,2024-09-29T11:06:43Z
rjluttz/Visual-Basic-Pythagoras-Theorem,2019-11-27T02:21:31Z,Visual Basic .NET,github-linguist 8.0.1,2024-09-29T11:06:43Z
rjluttz/Visual-Basic-SQL-Connection,2019-11-27T02:27:19Z,Visual Basic .NET,github-linguist 8.0.1,2024-09-29T11:06:43Z
weensy/responsive-excel-sheet,2019-11-27T03:05:15Z,VBA,github-linguist 8.0.1,2024-09-29T11:06:43Z
FapCod/Ventas,2019-11-27T04:18:48Z,Visual Basic .NET,github-linguist 8.0.1,2024-09-29T11:06:43Z
xjavierb/CRUD,2019-11-27T04:32:09Z,Visual Basic .NET,github-linguist 8.0.1,2024-09-29T11:06:43Z
MisterMower/CATIA-V5-Bushing-Builder,2019-11-27T04:51:17Z,Visual Basic .NET,github-linguist 8.0.1,2024-09-29T11:06:43Z
naufaladdinnur/Visual_Basic_CRUD,2019-11-27T05:03:30Z,Visual Basic .NET,github-linguist 8.0.1,2024-09-29T11:06:43Z
buger404/RandomPerson,2019-11-27T05:47:28Z,Visual Basic 6.0,github-linguist 8.0.1,2024-09-29T11:06:43Z
blackunixteam/Lime-RAT,2018-08-29T16:58:49Z,Visual Basic .NET,github-linguist 8.0.1,2024-09-29T11:06:43Z
blackunixteam/Lime-RAT19,2019-06-24T16:52:44Z,Visual Basic .NET,github-linguist 8.0.1,2024-09-29T11:06:43Z
NIK0NAME/VB-DataSet-App,2019-11-27T10:22:55Z,Visual Basic .NET,github-linguist 8.0.1,2024-09-29T11:06:43Z
fredjust/LedChessBoard,2019-11-27T11:14:01Z,Visual Basic .NET,github-linguist 8.0.1,2024-09-29T11:06:43Z
andermaestre/RepasoDataSet,2019-11-27T11:34:11Z,Visual Basic .NET,github-linguist 8.0.1,2024-09-29T11:06:43Z
yuhsinnet/muttcp,2019-05-20T00:26:48Z,Visual Basic .NET,github-linguist 8.0.1,2024-09-29T11:06:43Z
albisopto/ImageAnalyzer,2019-11-27T14:31:06Z,Visual Basic .NET,github-linguist 8.0.1,2024-09-29T11:06:43Z
kimdee/SalonSystemV3,2019-11-27T14:32:58Z,Visual Basic .NET,github-linguist 8.0.1,2024-09-29T11:06:43Z
paulwariah/vb,2019-11-27T15:06:35Z,Visual Basic .NET,github-linguist 8.0.1,2024-09-29T11:06:43Z
palinnilap/vba-test-suite,2019-11-27T15:29:57Z,VBA,github-linguist 8.0.1,2024-09-29T11:06:43Z
srxboys/RXHMusic,2019-11-27T16:04:02Z,Visual Basic .NET,github-linguist 8.0.1,2024-09-29T11:06:43Z
RafaBotossi/MisterHookLibrary,2019-11-27T17:21:18Z,Visual Basic .NET,github-linguist 8.0.1,2024-09-29T11:06:43Z
RafaBotossi/MisterHookPrototype,2019-11-27T17:26:25Z,Visual Basic .NET,github-linguist 8.0.1,2024-09-29T11:06:43Z
andermaestre/Repasodanidataset,2019-11-27T18:48:13Z,Visual Basic .NET,github-linguist 8.0.1,2024-09-29T11:06:43Z
SihabSahariar/Bangla-Dictionary-,2019-11-27T19:12:15Z,Visual Basic 6.0,github-linguist 8.0.1,2024-09-29T11:06:43Z
anmar99/Proyectos,2019-11-27T19:19:46Z,Visual Basic .NET,github-linguist 8.0.1,2024-09-29T11:06:43Z
grybk1/VBA-challange,2019-11-27T19:27:21Z,VBA,github-linguist 8.0.1,2024-09-29T11:06:43Z
ZainKizilbash/A-Level-Projects,2019-11-27T19:49:12Z,Visual Basic .NET,github-linguist 8.0.1,2024-09-29T11:06:43Z
ZainKizilbash/Array-Manipulation,2019-11-27T19:53:24Z,Visual Basic .NET,github-linguist 8.0.1,2024-09-29T11:06:43Z
Artollas0704/GE,2019-11-27T21:16:05Z,Visual Basic .NET,github-linguist 8.0.1,2024-09-29T11:06:43Z
manojdhanji/simple_harmonic_motion,2019-11-27T21:51:06Z,BASIC,github-linguist 8.0.1,2024-09-29T11:06:43Z
irismoyas/VBA_Challenge,2019-11-26T00:14:33Z,VBA,github-linguist 8.0.1,2024-09-29T13:09:48Z
TariqKirsten/ISTN3SI-MAJOR-PROJECT-FRONT-END,2019-11-26T01:17:33Z,Visual Basic .NET,github-linguist 8.0.1,2024-09-29T13:09:48Z
Huedfire/Ambientes,2019-11-15T00:28:03Z,Visual Basic .NET,github-linguist 8.0.1,2024-09-29T13:09:48Z
jiez1812/Excel-VBA,2019-11-26T01:48:33Z,VBA,github-linguist 8.0.1,2024-09-29T13:09:48Z
PaulKazalski/HW2,2019-11-26T02:01:57Z,VBA,github-linguist 8.0.1,2024-09-29T13:09:48Z
ayik0000/ayik0000,Unknown (repo deleted or no commits),,,
jingchliu/VBA-challenge,2019-11-26T02:22:52Z,VBScript,github-linguist 8.0.1,2024-09-29T13:09:48Z
subhashrampuri/DataExactor,2019-11-26T03:12:01Z,Visual Basic 6.0,github-linguist 8.0.1,2024-09-29T13:09:48Z
paragpatel201/VBA-challenge,2019-11-26T03:33:41Z,VBA,github-linguist 8.0.1,2024-09-29T13:09:48Z
MaxwellWibert/Stock_VBA_Project,2019-11-26T04:00:34Z,VBA,github-linguist 8.0.1,2024-09-29T13:09:48Z
PalomaAlejandra/ProyectoProgramacionVisual,2019-11-26T05:04:28Z,Visual Basic .NET,github-linguist 8.0.1,2024-09-29T13:09:48Z
otabek-olimjonov/Visual_Basic_2012_How_to_Program,2019-11-26T06:58:17Z,Visual Basic .NET,github-linguist 8.0.1,2024-09-29T13:09:48Z
tinle12345/DDKSongCanh,2019-11-26T07:21:14Z,Visual Basic .NET,github-linguist 8.0.1,2024-09-29T13:09:48Z
Ixchel97/Visual_Basic_CRUD,2019-11-26T07:56:11Z,Visual Basic .NET,github-linguist 8.0.1,2024-09-29T13:09:48Z
angra009wf/tool,2019-11-26T08:22:59Z,VBA,github-linguist 8.0.1,2024-09-29T13:09:48Z
malgorzatawojnarowska/VBAExercise,2019-11-26T08:59:11Z,VBA,github-linguist 8.0.1,2024-09-29T13:09:48Z
lcx-totiao/toutiao,2019-11-26T08:59:53Z,VBScript,github-linguist 8.0.1,2024-09-29T13:09:48Z
Git-Good-Milo/Week-_1_PluralSight_VB_,Unknown (repo deleted or no commits),,,
hmlendea/erep-notes,2019-11-26T09:39:28Z,Visual Basic .NET,github-linguist 8.0.1,2024-09-29T13:09:48Z
esabook/saw,2019-11-26T10:05:42Z,Visual Basic .NET,github-linguist 8.0.1,2024-09-29T13:09:48Z
Git-Good-Milo/Week_2_Pluralsite_VB_,Unknown (repo deleted or no commits),,,
certafonso/Windows-Calculator,2019-11-26T10:34:40Z,Visual Basic .NET,github-linguist 8.0.1,2024-09-29T13:09:48Z
kuby1412/InventorySystem,2019-11-26T11:24:40Z,Visual Basic .NET,github-linguist 8.0.1,2024-09-29T13:09:48Z
alkimides/DataSetRepaso,2019-11-26T11:56:05Z,Visual Basic .NET,github-linguist 8.0.1,2024-09-29T13:09:48Z
nrlhikmah/Visual_Basic_CRUD,2019-11-26T14:33:57Z,Visual Basic .NET,github-linguist 8.0.1,2024-09-29T13:09:48Z
SolucionesGraficasCordoba/Dev,2019-11-26T15:29:59Z,Visual Basic .NET,github-linguist 8.0.1,2024-09-29T13:09:48Z
nurssyifa/Visual_Basic_CRUD,2019-11-26T15:35:38Z,Visual Basic .NET,github-linguist 8.0.1,2024-09-29T13:09:48Z
subhashrampuri/SmsWizard,2019-11-26T15:37:49Z,Visual Basic 6.0,github-linguist 8.0.1,2024-09-29T13:09:48Z
subhashrampuri/Email-Sucker,2019-11-26T15:40:32Z,Visual Basic 6.0,github-linguist 8.0.1,2024-09-29T13:09:48Z
master-kamal12/CRUD-Visual-Basic,2019-11-26T15:43:48Z,Visual Basic .NET,github-linguist 8.0.1,2024-09-29T13:09:48Z
master-kamal12/Visual_Basic_CRUD,2019-11-26T15:59:10Z,Visual Basic .NET,github-linguist 8.0.1,2024-09-29T13:09:48Z
jaksg82/jakStd20-Datums,2019-11-26T16:37:33Z,Visual Basic .NET,github-linguist 8.0.1,2024-09-29T13:09:48Z
Said291099/Visual_Basic_CRUD,2019-11-26T16:58:46Z,Visual Basic .NET,github-linguist 8.0.1,2024-09-29T13:09:48Z
stevenwcronin/Stock_Analysis,2019-11-26T17:42:51Z,VBScript,github-linguist 8.0.1,2024-09-29T13:09:48Z
Symmex/Snowflake,2019-11-26T18:26:02Z,Visual Basic .NET,github-linguist 8.0.1,2024-09-29T13:09:48Z
Rodrigo-V/Inventario_SE,2019-11-26T18:55:04Z,Visual Basic .NET,github-linguist 8.0.1,2024-09-29T13:09:48Z
dvrg/saw-vb,2019-11-26T18:59:28Z,Visual Basic .NET,github-linguist 8.0.1,2024-09-29T13:09:48Z
domsgarrity/vba,2019-11-26T20:42:04Z,Visual Basic .NET,github-linguist 8.0.1,2024-09-29T13:09:48Z
nvleigh/VBA-challenge,2019-11-26T21:28:20Z,VBA,github-linguist 8.0.1,2024-09-29T13:09:48Z
CoryRobertsDev/Inventory_App,2019-11-21T14:48:05Z,Visual Basic .NET,github-linguist 8.0.1,2024-09-29T13:09:48Z
bdunlap9/Deployment-of-Invoke-Tartarus,Unknown (repo deleted or no commits),,,
Guille0197/GabineteAbogadosAppVB,2019-11-26T23:24:57Z,Visual Basic .NET,github-linguist 8.0.1,2024-09-29T13:09:48Z
svitlana-nazarchuk/VBA-challenge,2019-11-25T01:17:56Z,VBA,github-linguist 8.0.1,2024-09-29T14:07:06Z
alyssamoyer/VBA-challenge,2019-11-25T01:21:21Z,VBScript,github-linguist 8.0.1,2024-09-29T14:07:06Z
dbpeone/eventClassTest,2019-11-25T01:49:49Z,Visual Basic .NET,github-linguist 8.0.1,2024-09-29T14:07:06Z
luluwheelan/VB-windows-form,2019-11-25T02:11:39Z,Visual Basic .NET,github-linguist 8.0.1,2024-09-29T14:07:06Z
Aisaac23/Process-improvements-code-portfolio,2019-11-25T02:18:47Z,Visual Basic .NET,github-linguist 8.0.1,2024-09-29T14:07:06Z
MuhammadRifkiHaekal/Visual_Basic_CRUD,2019-11-25T04:00:42Z,Visual Basic .NET,github-linguist 8.0.1,2024-09-29T14:07:06Z
david1234589/VisualBasicUnad,2019-11-25T04:05:54Z,Visual Basic .NET,github-linguist 8.0.1,2024-09-29T14:07:06Z
susiexia/Stock_Analysis_VBA-Excel-Macro,2019-11-25T04:49:05Z,Visual Basic .NET,github-linguist 8.0.1,2024-09-29T14:07:06Z
susiexia/GreenEnergy_VBA,2019-11-25T04:50:42Z,VBA,github-linguist 8.0.1,2024-09-29T14:07:06Z
showjim/CharFlowAutoGenToolForV9,2019-11-25T05:20:32Z,VBA,github-linguist 8.0.1,2024-09-29T14:07:06Z
noviasirlina/Visual_Basic_CRUD,2019-11-25T01:26:53Z,Visual Basic .NET,github-linguist 8.0.1,2024-09-29T14:07:06Z
monyetsoft/ImageResizer,2019-11-25T06:55:05Z,Visual Basic .NET,github-linguist 8.0.1,2024-09-29T14:07:06Z
moe-k/bail-bonds,2019-11-25T07:38:21Z,Visual Basic 6.0,github-linguist 8.0.1,2024-09-29T14:07:06Z
s13302/KeepWindowsUnblocked,2019-11-25T07:54:55Z,VBScript,github-linguist 8.0.1,2024-09-29T14:07:06Z
vbaaccess/ColorPicker,2019-11-25T08:16:18Z,Visual Basic 6.0,github-linguist 8.0.1,2024-09-29T14:07:06Z
SyifaSB/Visual_Basic_CRUD,2019-11-25T10:04:23Z,Visual Basic .NET,github-linguist 8.0.1,2024-09-29T14:07:06Z
syahrilhanla/Visual_Basic_CRUD,2019-11-25T10:04:25Z,Visual Basic .NET,github-linguist 8.0.1,2024-09-29T14:07:06Z
nadianisane/Visual_Basic_CRUD,2019-11-25T10:12:33Z,Visual Basic .NET,github-linguist 8.0.1,2024-09-29T14:07:06Z
professorf/SMEDA,2019-11-25T11:20:43Z,VBA,github-linguist 8.0.1,2024-09-29T14:07:06Z
VB6Hobbyst7/moyenne,2019-11-25T11:44:08Z,B4X,github-linguist 8.0.1,2024-09-29T14:07:06Z
jafarkurniadi/Visual_Basic_CRUD,2019-11-25T11:05:32Z,Visual Basic .NET,github-linguist 8.0.1,2024-09-29T14:07:06Z
mikaelarey/Online-Admission-Test,2019-11-25T13:52:22Z,Visual Basic .NET,github-linguist 8.0.1,2024-09-29T14:07:06Z
Jaminima/GRLCulator,2019-11-25T13:53:05Z,Visual Basic .NET,github-linguist 8.0.1,2024-09-29T14:07:06Z
uzansha/Visual_Studio_CRUD,2019-11-25T13:51:57Z,Visual Basic .NET,github-linguist 8.0.1,2024-09-29T14:07:06Z
Erwdhan429/Visual_Basic_CRUD,2019-11-25T14:11:50Z,Visual Basic .NET,github-linguist 8.0.1,2024-09-29T14:07:06Z
phtNERO/menu,2019-11-25T14:15:52Z,Visual Basic .NET,github-linguist 8.0.1,2024-09-29T14:07:06Z
AnnisaPutri20/Visual_Basic_CRUD-,2019-11-25T14:23:29Z,Visual Basic .NET,github-linguist 8.0.1,2024-09-29T14:07:06Z
philw/SQLiteLogin,2019-11-25T15:31:46Z,Visual Basic .NET,github-linguist 8.0.1,2024-09-29T14:07:06Z
aaldyy/Visual_Basic_CRUD_Aldy,2019-11-25T15:26:53Z,Visual Basic .NET,github-linguist 8.0.1,2024-09-29T14:07:06Z
jinnyjinnyjinjin-zz/mysql-docker,2019-11-25T15:55:58Z,Visual Basic 6.0,github-linguist 8.0.1,2024-09-29T14:07:06Z
sitirahmah26/Visual_Basic_CRUD,2019-11-25T16:33:39Z,Visual Basic .NET,github-linguist 8.0.1,2024-09-29T14:07:06Z
denishsharma/andros,2019-11-25T17:07:56Z,Visual Basic .NET,github-linguist 8.0.1,2024-09-29T14:07:06Z
maxwell-ihcc/QualityAssurance-Maxwell-IHCC,2019-11-25T17:21:05Z,Visual Basic .NET,github-linguist 8.0.1,2024-09-29T14:07:06Z
thomsonreuters/p11d,2019-11-25T17:48:35Z,Visual Basic 6.0,github-linguist 8.0.1,2024-09-29T14:07:06Z
RxParalyze/PBOM_Comparison_Analysis_Tool,2019-11-25T18:19:29Z,VBA,github-linguist 8.0.1,2024-09-29T14:07:06Z
Guille0197/GuillermoNavarro_T5---Tarea-5-Desarrollo-Software,2019-11-25T18:52:30Z,Visual Basic .NET,github-linguist 8.0.1,2024-09-29T14:07:06Z
ne0x86/PrintUtils,2019-11-25T19:24:09Z,VBScript,github-linguist 8.0.1,2024-09-29T14:07:06Z
tho1/MyTime,2019-11-25T19:50:50Z,Visual Basic .NET,github-linguist 8.0.1,2024-09-29T14:07:06Z
Kyu/TrackForm,2019-11-25T19:53:10Z,VBA,github-linguist 8.0.1,2024-09-29T14:07:06Z
tabualkher/T-System,2019-11-25T21:14:12Z,Visual Basic .NET,github-linguist 8.0.1,2024-09-29T14:07:06Z
Genius3885/UNISOFT1,2019-11-25T23:15:13Z,Visual Basic .NET,github-linguist 8.0.1,2024-09-29T14:07:06Z
johnnybyun/homework2,2019-11-24T00:16:29Z,VBScript,github-linguist 8.0.1,2024-09-29T15:07:36Z
martinsedighi/Stock_Analatics-,2019-11-24T00:45:13Z,VBA,github-linguist 8.0.1,2024-09-29T15:07:36Z
dialsilv/VBA-Challenge,2019-11-24T00:48:42Z,VBScript,github-linguist 8.0.1,2024-09-29T15:07:36Z
noorlailanii/Visual_Basic_CRUD,2019-11-23T13:51:52Z,Visual Basic .NET,github-linguist 8.0.1,2024-09-29T15:07:36Z
mollychao/VBA_of_wall_street_project,2019-11-24T01:29:33Z,VBA,github-linguist 8.0.1,2024-09-29T15:07:36Z
TavinHlungwani/My-Spare-Time-Apps,2019-11-24T02:06:19Z,Visual Basic .NET,github-linguist 8.0.1,2024-09-29T15:07:36Z
randbarclay/VBA-challenge,2019-11-24T02:18:09Z,VBA,github-linguist 8.0.1,2024-09-29T15:07:36Z
NorAzizah17/Visual_Basic_CRUD,2019-11-24T02:16:18Z,Visual Basic .NET,github-linguist 8.0.1,2024-09-29T15:07:36Z
DaveBabler/VB-Publisher,2019-11-24T02:26:18Z,Visual Basic .NET,github-linguist 8.0.1,2024-09-29T15:07:36Z
amsticksel/vba-challenge,2019-11-24T03:03:33Z,VBScript,github-linguist 8.0.1,2024-09-29T15:07:36Z
Monkey-travels/VBA-Challenge,2019-11-24T03:16:22Z,VBA,github-linguist 8.0.1,2024-09-29T15:07:36Z
a5768549/Windows_API,2019-11-14T00:28:09Z,Visual Basic .NET,github-linguist 8.0.1,2024-09-29T15:07:36Z
Rohani123/Visual_Basic_CRUD,Unknown (repo deleted or no commits),,,
daneshtavana/VBA-challenge,2019-11-24T03:38:03Z,VBScript,github-linguist 8.0.1,2024-09-29T15:07:36Z
ncastal/VBA-challenge,2019-11-24T03:48:33Z,VBA,github-linguist 8.0.1,2024-09-29T15:07:36Z
AssamJavaid/Vba_Challenge,2019-11-24T03:54:04Z,VBA,github-linguist 8.0.1,2024-09-29T15:07:36Z
rajkartha/VBA-challenge,2019-11-24T04:02:29Z,VBA,github-linguist 8.0.1,2024-09-29T15:07:36Z
sats-a/Click-to-Insights_VBA-challenge,2019-11-24T04:18:04Z,VBScript,github-linguist 8.0.1,2024-09-29T15:07:36Z
shaymusmc/VBA-challenge,2019-11-24T04:37:56Z,VBScript,github-linguist 8.0.1,2024-09-29T15:07:36Z
magcox5/VBA-challenge,2019-11-24T04:45:11Z,VBScript,github-linguist 8.0.1,2024-09-29T15:07:36Z
Ilya82/VBA-challenge,2019-11-24T05:02:06Z,VBScript,github-linguist 8.0.1,2024-09-29T15:07:36Z
northern/clock,2019-11-24T05:48:11Z,BASIC,github-linguist 8.0.1,2024-09-29T15:07:36Z
shujams/VBA-Stock-Market-Analysis,2019-11-24T05:52:42Z,VBScript,github-linguist 8.0.1,2024-09-29T15:07:36Z
kattelya/VBA-Challenge,2019-11-24T07:25:52Z,VBScript,github-linguist 8.0.1,2024-09-29T15:07:36Z
cmcodes1/Cm-Calculator,2019-11-24T08:23:44Z,VBA,github-linguist 8.0.1,2024-09-29T15:07:36Z
hi-jedii/CalculatorUI,2019-11-24T08:42:00Z,Visual Basic .NET,github-linguist 8.0.1,2024-09-29T15:07:36Z
raflidev/DasaLaporan,2019-11-24T11:24:57Z,Visual Basic .NET,github-linguist 8.0.1,2024-09-29T15:07:36Z
andreasks/MiniMarket,2019-11-24T11:28:31Z,Visual Basic .NET,github-linguist 8.0.1,2024-09-29T15:07:36Z
raflidev/PTUGAS,2019-11-24T11:38:22Z,Visual Basic .NET,github-linguist 8.0.1,2024-09-29T15:07:36Z
ridharmdhni/Visual_Basic_CRUD,2019-11-24T11:54:07Z,Visual Basic .NET,github-linguist 8.0.1,2024-09-29T15:07:36Z
NNNIC/psgg-visual-basic-sample,2019-11-24T13:16:21Z,Visual Basic .NET,github-linguist 8.0.1,2024-09-29T15:07:36Z
momospende/jmikulew,2019-11-24T15:17:22Z,Visual Basic .NET,github-linguist 8.0.1,2024-09-29T15:07:36Z
jjwu1019/VBA-challenge,2019-11-24T15:19:02Z,VBA,github-linguist 8.0.1,2024-09-29T15:07:36Z
JackyLau/RateDemo,2019-11-24T16:29:14Z,Visual Basic .NET,github-linguist 8.0.1,2024-09-29T15:07:36Z
yuriko192/ATM_Bank,2019-11-24T16:35:00Z,Visual Basic .NET,github-linguist 8.0.1,2024-09-29T15:07:36Z
royswapan/PROJ-DevOps1,2019-11-24T18:04:30Z,Visual Basic .NET,github-linguist 8.0.1,2024-09-29T15:07:36Z
ahyar4y/PA8-polygon_mesh_with_list_of_vertex_indices,2019-11-24T18:33:39Z,Visual Basic .NET,github-linguist 8.0.1,2024-09-29T15:07:36Z
jeffsteward/photo-booth,2018-02-04T16:01:37Z,Visual Basic .NET,github-linguist 8.0.1,2024-09-29T15:07:36Z
viborg/02-VBA-challenge,2019-11-24T20:38:03Z,VBA,github-linguist 8.0.1,2024-09-29T15:07:36Z
alapsraval/VBA-challenge,2019-11-24T21:22:55Z,VBA,github-linguist 8.0.1,2024-09-29T15:07:36Z
zxinyuan/RenameWithExcel,2019-11-24T23:08:40Z,VBA,github-linguist 8.0.1,2024-09-29T15:07:36Z
blackzafiqz/Population-VB,2019-11-24T23:35:18Z,Visual Basic .NET,github-linguist 8.0.1,2024-09-29T15:07:36Z
tdona10/VBA-challenge,2019-11-23T01:18:18Z,VBScript,github-linguist 8.0.1,2024-09-29T16:08:08Z
XIAOMO34/exceltest,2019-11-23T03:19:23Z,Visual Basic .NET,github-linguist 8.0.1,2024-09-29T16:08:08Z
gksidburycrawford/PT-s-Grille-Project,2019-11-23T03:56:26Z,Visual Basic .NET,github-linguist 8.0.1,2024-09-29T16:08:08Z
Angelica97/Yo,2019-11-23T04:01:37Z,Visual Basic .NET,github-linguist 8.0.1,2024-09-29T16:08:08Z
noriejoylucero/LuceroNJVCalculatorInterface,2019-11-23T04:25:44Z,Visual Basic .NET,github-linguist 8.0.1,2024-09-29T16:08:08Z
pahandav/battle-test,2019-11-23T04:37:39Z,BASIC,github-linguist 8.0.1,2024-09-29T16:08:08Z
peterennis/aegit,2019-11-23T05:14:10Z,VBA,github-linguist 8.0.1,2024-09-29T16:08:08Z
onyemma0312/VBA-challenge,2019-11-23T06:18:20Z,VBA,github-linguist 8.0.1,2024-09-29T16:08:08Z
swnaa/test,2019-11-23T05:30:43Z,VBA,github-linguist 8.0.1,2024-09-29T16:08:08Z
iSmartyPRO/active_directory_outlook_signature,2019-11-23T08:31:32Z,VBScript,github-linguist 8.0.1,2024-09-29T16:08:08Z
erinaldo/InventoryManagementSystem,2019-11-23T10:13:24Z,Visual Basic .NET,github-linguist 8.0.1,2024-09-29T16:08:08Z
keisuke-ito/VBA,2019-11-23T11:48:19Z,VBA,github-linguist 8.0.1,2024-09-29T16:08:08Z
guintomarianne/Calculator-Layout,2019-11-23T15:57:16Z,Visual Basic .NET,github-linguist 8.0.1,2024-09-29T16:08:08Z
Youssef-f2/ProjetFormationScrum,2019-11-23T16:12:30Z,Visual Basic .NET,github-linguist 8.0.1,2024-09-29T16:08:08Z
nky1996/dockerPadelManager,2019-11-23T16:26:44Z,Visual Basic 6.0,github-linguist 8.0.1,2024-09-29T16:08:08Z
malisum/VBA-challenge,2019-11-23T17:19:35Z,VBA,github-linguist 8.0.1,2024-09-29T16:08:08Z
KneeCapz/STlib,2019-11-23T17:28:30Z,Visual Basic .NET,github-linguist 8.0.1,2024-09-29T16:08:08Z
cloe5541/VBA_challenge,2019-11-23T17:36:03Z,VBScript,github-linguist 8.0.1,2024-09-29T16:08:08Z
Hectorcho12/AmorViviente,2019-11-23T17:42:17Z,Visual Basic .NET,github-linguist 8.0.1,2024-09-29T16:08:08Z
JohnKwess/VBA-CHALLENGE,2019-11-23T17:55:24Z,VBA,github-linguist 8.0.1,2024-09-29T16:08:08Z
febtech/library_system,2019-11-23T18:26:40Z,Visual Basic .NET,github-linguist 8.0.1,2024-09-29T16:08:08Z
caravella483/VBA-challenge,2019-11-23T19:11:04Z,VBA,github-linguist 8.0.1,2024-09-29T16:08:08Z
dukestah/RPSLS,2019-11-23T19:24:10Z,BASIC,github-linguist 8.0.1,2024-09-29T16:08:08Z
insidedctm/nim,2019-11-23T18:24:16Z,Visual Basic .NET,github-linguist 8.0.1,2024-09-29T16:08:08Z
malisum/VBAChallenge,2019-11-23T19:35:30Z,VBA,github-linguist 8.0.1,2024-09-29T16:08:08Z
tsull360/BGInfoSetup,2019-11-23T19:45:09Z,VBScript,github-linguist 8.0.1,2024-09-29T16:08:08Z
dynawilston/VBA-challenge,2019-11-23T19:48:05Z,VBScript,github-linguist 8.0.1,2024-09-29T16:08:08Z
shazeeye/VBA-challenge,2019-11-23T20:22:10Z,VBScript,github-linguist 8.0.1,2024-09-29T16:08:08Z
MariaUgaz/VBA-_of_WallStreet_-Project,2019-11-23T20:25:04Z,VBA,github-linguist 8.0.1,2024-09-29T16:08:08Z
boshen119/VBA-challenge,2019-11-23T20:30:07Z,VBScript,github-linguist 8.0.1,2024-09-29T16:08:08Z
mhandipranata/VBA-challenge,2019-11-23T20:30:17Z,Visual Basic .NET,github-linguist 8.0.1,2024-09-29T16:08:08Z
xovel/zSudokuEsPro,2019-11-23T20:42:00Z,Visual Basic 6.0,github-linguist 8.0.1,2024-09-29T16:08:08Z
smahanubhav-ru/VBA-challenge,2019-11-23T21:52:43Z,VBA,github-linguist 8.0.1,2024-09-29T16:08:08Z
AlperenAKKAYA05/XAMPP-Control-2,2019-11-23T22:10:47Z,Visual Basic .NET,github-linguist 8.0.1,2024-09-29T16:08:08Z
junmadlab/3d_Slicer_Inventor_Add-In,2019-11-23T22:26:08Z,VBA,github-linguist 8.0.1,2024-09-29T16:08:08Z
Lauralynnz/VBA_challenge,2019-11-23T22:56:45Z,VBScript,github-linguist 8.0.1,2024-09-29T16:08:08Z
TrevorLovesMommy/VBA-challenge,2019-11-23T23:22:23Z,VBScript,github-linguist 8.0.1,2024-09-29T16:08:08Z
juliakind/VBA-challenge,2019-11-23T23:45:27Z,VBScript,github-linguist 8.0.1,2024-09-29T16:08:08Z
CoherentLogic/fb-uuid,2019-11-22T00:03:13Z,FreeBasic,github-linguist 8.0.1,2024-09-29T17:07:10Z
danielfliguel/Aps-Eventos-Sustentaveis,2019-11-22T00:04:09Z,Visual Basic 6.0,github-linguist 8.0.1,2024-09-29T17:07:10Z
MagicianMido32/VB,Unknown (repo deleted or no commits),,,
greghicks01/uftregister,2019-11-22T00:17:20Z,VBScript,github-linguist 8.0.1,2024-09-29T17:07:10Z
VictorHugoCardoso/Faculdade-Bascom,2019-11-22T00:49:39Z,C++,github-linguist 8.0.1,2024-09-29T17:07:10Z
benjamindavidlamkin/VBA-CHALLENGE,2019-11-22T01:06:11Z,VBA,github-linguist 8.0.1,2024-09-29T17:07:10Z
susiexia/VBA_Additional_Exercises,2019-11-22T02:53:09Z,VBA,github-linguist 8.0.1,2024-09-29T17:07:10Z
towakey/vbscript_library,2019-11-22T03:24:51Z,VBScript,github-linguist 8.0.1,2024-09-29T17:07:10Z
janinewhite/VBA-challenge,2019-11-22T04:12:39Z,VBA,github-linguist 8.0.1,2024-09-29T17:07:10Z
m-t-d-32/Notepad,2019-11-22T05:17:53Z,Visual Basic .NET,github-linguist 8.0.1,2024-09-29T17:07:10Z
dagneycooke/vba-challenge,2019-11-22T05:23:03Z,VBScript,github-linguist 8.0.1,2024-09-29T17:07:10Z
JPKW/Excel-Report-Automation-Framework,2019-11-22T05:29:23Z,VBA,github-linguist 8.0.1,2024-09-29T17:07:10Z
kkorver85/VBA-challenge,2019-11-22T06:25:27Z,VBScript,github-linguist 8.0.1,2024-09-29T17:07:10Z
Nicolasdds/Proyecto-S,Unknown (repo deleted or no commits),,,
zhyongquan/Excel2DBC,2019-11-22T08:10:48Z,Visual Basic .NET,github-linguist 8.0.1,2024-09-29T17:07:10Z
oonishitakeshi/P24ManagementSystem,2019-11-22T09:15:19Z,Visual Basic .NET,github-linguist 8.0.1,2024-09-29T17:07:10Z
kiariep/lending-management-system,2019-11-22T09:40:17Z,Visual Basic .NET,github-linguist 8.0.1,2024-09-29T17:07:10Z
xhackax47/CoursVB,Unknown (repo deleted or no commits),,,
kking117/Gen3MoveRandomizer,2019-11-22T10:49:23Z,Visual Basic .NET,github-linguist 8.0.1,2024-09-29T17:07:10Z
aaronmcondeza04/ScientificCalculator_AaronCondeza,2019-11-22T11:14:26Z,Visual Basic .NET,github-linguist 8.0.1,2024-09-29T17:07:10Z
foresthz/vbs_basics,2019-11-22T13:00:08Z,VBScript,github-linguist 8.0.1,2024-09-29T17:07:10Z
allyouneedisdave/AnnualLeaveApplication,2019-11-22T13:07:14Z,Visual Basic .NET,github-linguist 8.0.1,2024-09-29T17:07:10Z
Aleksandras-Novikovas/code128,2019-11-22T13:26:28Z,Visual Basic .NET,github-linguist 8.0.1,2024-09-29T17:07:10Z
flemingl512/CSC2920-Group-4-Final-Project,2019-11-22T13:54:31Z,Visual Basic .NET,github-linguist 8.0.1,2024-09-29T17:07:10Z
danielkakwata/CSC2920-Group-project-appointment-app-,2019-11-22T13:57:42Z,Visual Basic .NET,github-linguist 8.0.1,2024-09-29T17:07:10Z
Brugota/Cata-combs,2019-11-22T13:59:41Z,Visual Basic .NET,github-linguist 8.0.1,2024-09-29T17:07:10Z
acse-mgs219/database-projects,2019-11-22T14:35:57Z,Visual Basic .NET,github-linguist 8.0.1,2024-09-29T17:07:10Z
Ganielle/StBernardInfrimary,2019-11-22T15:02:10Z,Visual Basic .NET,github-linguist 8.0.1,2024-09-29T17:07:10Z
chrisjoohn/SciCal,2019-11-22T15:46:03Z,Visual Basic .NET,github-linguist 8.0.1,2024-09-29T17:07:10Z
davidjaimes/yearly-stock-market-analysis,2019-11-22T17:27:17Z,VBA,github-linguist 8.0.1,2024-09-29T17:07:10Z
alexandrajoves/Elecs3-ScientificCalculator,2019-11-22T17:31:51Z,Visual Basic .NET,github-linguist 8.0.1,2024-09-29T17:07:10Z
PhilipColtharp/Excel-VBA---Union_Difference,2019-11-22T18:01:49Z,VBScript,github-linguist 8.0.1,2024-09-29T17:07:10Z
jheinz057/VBA-challenge,2019-11-22T18:08:50Z,Visual Basic .NET,github-linguist 8.0.1,2024-09-29T17:07:10Z
arundhatic/VBA-challenge,2019-11-22T18:52:09Z,VBA,github-linguist 8.0.1,2024-09-29T17:07:10Z
aymanexpo/application-de-conversion,2019-11-22T18:56:40Z,Visual Basic .NET,github-linguist 8.0.1,2024-09-29T17:07:10Z
capitalando/Office-Scrubber,2019-11-22T19:04:46Z,VBScript,github-linguist 8.0.1,2024-09-29T17:07:10Z
nadyahruth/COP4005-Project,2019-11-22T20:00:59Z,Visual Basic .NET,github-linguist 8.0.1,2024-09-29T17:07:10Z
Clrkz/Forwarders-System,2019-11-22T20:36:02Z,Visual Basic .NET,github-linguist 8.0.1,2024-09-29T17:07:10Z
BlackRaven007/Rent-A-Book,2019-11-22T20:45:20Z,Visual Basic .NET,github-linguist 8.0.1,2024-09-29T17:07:10Z
jmachanickal/VBA-challenge,2019-11-22T21:30:34Z,VBScript,github-linguist 8.0.1,2024-09-29T17:07:10Z
meppps/VBA-Excel,2019-11-22T21:35:56Z,Visual Basic .NET,github-linguist 8.0.1,2024-09-29T17:07:10Z
a2writ/hackfest-2019-keyboard-test,2019-11-22T22:22:32Z,BASIC,github-linguist 8.0.1,2024-09-29T17:07:10Z
andreasks/Dhammadipa-Absensi,2019-11-22T23:17:42Z,Visual Basic .NET,github-linguist 8.0.1,2024-09-29T17:07:10Z
mimakyure/content-control-visibility-controls,2019-11-21T02:21:30Z,VBA,github-linguist 8.0.1,2024-09-29T18:08:33Z
mimakyure/extract-docx,2019-11-21T02:31:41Z,VBA,github-linguist 8.0.1,2024-09-29T18:08:33Z
CFuentescs/EjemploEntityC-,2019-11-21T02:57:44Z,Visual Basic .NET,github-linguist 8.0.1,2024-09-29T18:08:33Z
ctec135-fall19/css-and-javascript-gledbury,2019-11-21T03:27:35Z,Visual Basic .NET,github-linguist 8.0.1,2024-09-29T18:08:33Z
angusn8/FruitNinja,2019-11-21T03:27:48Z,Visual Basic .NET,github-linguist 8.0.1,2024-09-29T18:08:33Z
angusn8/BlackJack,2019-11-21T03:39:41Z,Visual Basic .NET,github-linguist 8.0.1,2024-09-29T18:08:33Z
iqbaladi/HitungUmur-VB,2019-11-21T05:05:19Z,Visual Basic .NET,github-linguist 8.0.1,2024-09-29T18:08:33Z
Projectsaathi/vb,Unknown (repo deleted or no commits),,,
ctec135-fall19/css-and-javascript-bordyboy,2019-11-21T05:31:04Z,Visual Basic .NET,github-linguist 8.0.1,2024-09-29T18:08:33Z
CateNjeri01/Simple-vb,Unknown (repo deleted or no commits),,,
meppps/VBA-Challenge,2019-11-21T07:58:15Z,Visual Basic .NET,github-linguist 8.0.1,2024-09-29T18:08:33Z
395001521/AIForStudy,2019-11-21T09:11:14Z,VBA,github-linguist 8.0.1,2024-09-29T18:08:33Z
andermaestre/1BaseDatos,2019-11-21T10:11:35Z,Visual Basic .NET,github-linguist 8.0.1,2024-09-29T18:08:33Z
realJingYang/Sudoku,2019-11-21T10:40:02Z,Visual Basic 6.0,github-linguist 8.0.1,2024-09-29T18:08:33Z
Eric093/VBScripts,2019-11-21T10:39:29Z,VBScript,github-linguist 8.0.1,2024-09-29T18:08:33Z
kqrmo/Koonus-Visualbasic,2019-11-21T11:46:46Z,Visual Basic .NET,github-linguist 8.0.1,2024-09-29T18:08:33Z
deamu7t/google,2019-11-21T12:09:12Z,VBScript,github-linguist 8.0.1,2024-09-29T18:08:33Z
pdevide2/Printbox2,2019-11-21T12:29:21Z,Visual Basic .NET,github-linguist 8.0.1,2024-09-29T18:08:33Z
Abeybe/Devil-Tetris,2019-11-21T12:39:53Z,VBA,github-linguist 8.0.1,2024-09-29T18:08:33Z
mumiaozxz/VB-homework-,2019-11-21T13:18:03Z,Visual Basic 6.0,github-linguist 8.0.1,2024-09-29T18:08:33Z
readdawg/VI_CameraMigrationTool_v3,2019-11-21T13:31:56Z,Visual Basic .NET,github-linguist 8.0.1,2024-09-29T18:08:33Z
wafianaksholeh/Task1,2019-11-21T13:51:18Z,Visual Basic .NET,github-linguist 8.0.1,2024-09-29T18:08:33Z
nataliering/FHA_screening,2019-11-21T14:06:46Z,VBA,github-linguist 8.0.1,2024-09-29T18:08:33Z
saivikas408/code_bank_latest,2019-11-21T14:40:15Z,Visual Basic .NET,github-linguist 8.0.1,2024-09-29T18:08:33Z
SimonBarnett/RunBat,2019-11-21T09:43:51Z,Visual Basic .NET,github-linguist 8.0.1,2024-09-29T18:08:33Z
mitchellcapell95/VBA-Stock-Data,2019-11-21T14:53:18Z,VBA,github-linguist 8.0.1,2024-09-29T18:08:33Z
Adrien-G/Perler_Beads_Printer,2019-11-21T15:07:49Z,Visual Basic .NET,github-linguist 8.0.1,2024-09-29T18:08:33Z
Asta-col/Calculator,2019-11-21T15:17:07Z,Visual Basic .NET,github-linguist 8.0.1,2024-09-29T18:08:33Z
rossnhorgan98/First-year-project,2019-11-21T15:31:27Z,Visual Basic .NET,github-linguist 8.0.1,2024-09-29T18:08:33Z
ruoxinli94/VBA,2019-11-21T15:54:20Z,Visual Basic .NET,github-linguist 8.0.1,2024-09-29T18:08:33Z
HamzaKhan-TCS/String-Manipulation,2019-11-21T16:04:13Z,Visual Basic .NET,github-linguist 8.0.1,2024-09-29T18:08:33Z
tfbninja/Wifi_Password,2019-11-21T16:39:03Z,VBScript,github-linguist 8.0.1,2024-09-29T18:08:33Z
dentastix/Project,2019-11-21T17:33:18Z,Visual Basic .NET,github-linguist 8.0.1,2024-09-29T18:08:33Z
AuroobaParker/Work,2019-11-21T18:32:33Z,Visual Basic .NET,github-linguist 8.0.1,2024-09-29T18:08:33Z
marius-joe/Chocolatey_collection,2019-11-21T18:37:48Z,VBScript,github-linguist 8.0.1,2024-09-29T18:08:33Z
nlhari/VBA-challenge,2019-11-21T19:05:49Z,VBA,github-linguist 8.0.1,2024-09-29T18:08:33Z
TianshiWW/CANOpenDeviceMonitor,2019-11-21T19:15:19Z,Visual Basic .NET,github-linguist 8.0.1,2024-09-29T18:08:33Z
ajmena92/SCB,2019-11-21T19:25:16Z,Visual Basic .NET,github-linguist 8.0.1,2024-09-29T18:08:33Z
lukewarlow/VBConsoleMenu,2018-08-12T12:22:46Z,Visual Basic .NET,github-linguist 8.0.1,2024-09-29T18:08:33Z
robcreel/VBA-challenge,2019-11-21T21:23:19Z,VBA,github-linguist 8.0.1,2024-09-29T18:08:33Z
Atlchris67/vba-challenge,2019-11-21T21:23:28Z,VBA,github-linguist 8.0.1,2024-09-29T18:08:33Z
tavitooo/Hello-Word,2019-11-21T21:43:48Z,Visual Basic .NET,github-linguist 8.0.1,2024-09-29T18:08:33Z
shuotang642/VBA-challenge,2019-11-21T23:17:54Z,VBA,github-linguist 8.0.1,2024-09-29T18:08:33Z
tbportwood/VBA-challenge,2019-11-21T23:21:02Z,VBA,github-linguist 8.0.1,2024-09-29T18:08:33Z
Ferivas/WATP2019,2019-11-20T00:24:34Z,Visual Basic 6.0,github-linguist 8.0.1,2024-09-29T19:06:43Z
LanTenggit/ESD,2019-11-20T01:04:19Z,Visual Basic .NET,github-linguist 8.0.1,2024-09-29T19:06:43Z
GilbertoSavisky/WebForms,2019-11-20T01:12:25Z,Visual Basic .NET,github-linguist 8.0.1,2024-09-29T19:06:43Z
Shazamzafar/Coffee-Shop-Program,2019-11-20T01:25:53Z,Visual Basic .NET,github-linguist 8.0.1,2024-09-29T19:06:43Z
normal10as/pg2-s19e303-figuras-geometricas-caicer,2019-11-20T01:26:25Z,Visual Basic .NET,github-linguist 8.0.1,2024-09-29T19:06:43Z
gholland23/VBA-Challenge,2019-11-20T02:17:49Z,VBA,github-linguist 8.0.1,2024-09-29T19:06:43Z
LanTenggit/Mqtt_dome,2019-11-20T03:22:43Z,Visual Basic .NET,github-linguist 8.0.1,2024-09-29T19:06:43Z
arthurcw/VBA-challenge,2019-11-20T03:50:12Z,VBA,github-linguist 8.0.1,2024-09-29T19:06:43Z
phuminun/AJAX_CRUD,2019-11-20T03:50:13Z,Visual Basic .NET,github-linguist 8.0.1,2024-09-29T19:06:43Z
diimasmuhammad/Visual_Basic_CRUD,2019-11-20T04:15:59Z,Visual Basic .NET,github-linguist 8.0.1,2024-09-29T19:06:43Z
hwydant/Visual_Basic_CRUD,2019-11-20T04:37:01Z,Visual Basic .NET,github-linguist 8.0.1,2024-09-29T19:06:43Z
atxulo/toolbook-data-extractor,2019-11-20T07:04:43Z,VBScript,github-linguist 8.0.1,2024-09-29T19:06:43Z
Mohamed-awouda/VBA_project,2019-11-20T07:15:43Z,VBScript,github-linguist 8.0.1,2024-09-29T19:06:43Z
conchasjc/Data-Management-System,2019-11-20T06:54:41Z,Visual Basic .NET,github-linguist 8.0.1,2024-09-29T19:06:43Z
saswati-mohanty/CICD_Demo,2019-11-20T08:14:00Z,Visual Basic .NET,github-linguist 8.0.1,2024-09-29T19:06:43Z
denisgualda/ACTIVE-DIRECTORY---VBSCRIPT---ADD-GROUPS-TO-USER-,2019-11-20T08:16:38Z,VBScript,github-linguist 8.0.1,2024-09-29T19:06:43Z
denisgualda/ACTIVE-DIRECTORY---VBSCRIPT---COPY-GROUPS-BETWEEN-USERS-,2019-11-20T08:19:20Z,VBScript,github-linguist 8.0.1,2024-09-29T19:06:43Z
denisgualda/ACTVIE-DIRECTORY---VBSCRIPT---REMOVE-ALL-USER-GROUPS,2019-11-20T08:28:51Z,VBScript,github-linguist 8.0.1,2024-09-29T19:06:43Z
denisgualda/ACTIVE-DIRECTORY---VBSCRIPT---LIST-GROUP-USERS-MEMBERS,2019-11-20T08:33:12Z,VBScript,github-linguist 8.0.1,2024-09-29T19:06:43Z
denisgualda/ACTIVE-DIRECTORY---LIST-USERS-OR-GROUPS-FROM-OU,2019-11-20T08:34:19Z,VBScript,github-linguist 8.0.1,2024-09-29T19:06:43Z
denisgualda/ACTIVE-DIRECTORY---VBSCRIPT---MOVE-USER-FROM-OU,2019-11-20T08:36:16Z,VBScript,github-linguist 8.0.1,2024-09-29T19:06:43Z
denisgualda/ACTIVE-DIRECTORY---VBSCRIPT---GET-USER-DISTINGUESHED-NAME,2019-11-20T08:37:15Z,VBScript,github-linguist 8.0.1,2024-09-29T19:06:43Z
denisgualda/ACTIVE-DIRECTORY---VBSCRIPT---GET-USER-SID,2019-11-20T08:38:02Z,VBScript,github-linguist 8.0.1,2024-09-29T19:06:43Z
bbgzk/WorkClothesForm_Gadget,2019-11-20T08:54:18Z,VBScript,github-linguist 8.0.1,2024-09-29T19:06:43Z
PhilippeRaemy/TimeSheet,2019-11-20T09:02:02Z,VBA,github-linguist 8.0.1,2024-09-29T19:06:43Z
YumeChan-DT/SamplePlugin-VB,2019-11-20T09:16:59Z,Visual Basic .NET,github-linguist 8.0.1,2024-09-29T19:06:43Z
danzoneid/VB-NET,2019-11-20T13:41:27Z,Visual Basic .NET,github-linguist 8.0.1,2024-09-29T19:06:43Z
trasba/vba-scripts,2019-11-20T13:50:53Z,VBA,github-linguist 8.0.1,2024-09-29T19:06:43Z
bayoook/ARISAN-DESKTOP,2019-11-20T14:14:03Z,Visual Basic .NET,github-linguist 8.0.1,2024-09-29T19:06:43Z
korakrit-c/CheckRunningProcess,2019-11-20T14:24:28Z,VBScript,github-linguist 8.0.1,2024-09-29T19:06:43Z
imaginative81/Brave-Contacts,2019-11-20T14:51:38Z,Visual Basic .NET,github-linguist 8.0.1,2024-09-29T19:06:43Z
TheNaiveSage/brave_contactList,2019-11-20T14:55:42Z,Visual Basic .NET,github-linguist 8.0.1,2024-09-29T19:06:43Z
NYElias21/bravesContactList,2019-11-20T14:57:11Z,Visual Basic .NET,github-linguist 8.0.1,2024-09-29T19:06:43Z
Chaa-Loftin/Brave-Contact-List,2019-11-20T14:58:38Z,Visual Basic .NET,github-linguist 8.0.1,2024-09-29T19:06:43Z
onlymattjohnson/My-Excel-Macros,2019-11-20T15:18:41Z,VBA,github-linguist 8.0.1,2024-09-29T19:06:43Z
edycgan/calcmdia,2019-11-20T15:23:18Z,Visual Basic 6.0,github-linguist 8.0.1,2024-09-29T19:06:43Z
molety/LogicPuzzleSolver,2019-11-20T15:23:15Z,BASIC,github-linguist 8.0.1,2024-09-29T19:06:43Z
ImRIzo/BanglaRadio,2019-10-23T13:18:31Z,Visual Basic .NET,github-linguist 8.0.1,2024-09-29T19:06:43Z
FunkayMonkay149/BravesContact,2019-11-20T16:22:28Z,Visual Basic .NET,github-linguist 8.0.1,2024-09-29T19:06:43Z
glaby91/moteur3d,2019-11-20T16:35:44Z,Visual Basic 6.0,github-linguist 8.0.1,2024-09-29T19:06:43Z
Archanciel/Commence_RM_scripts,2019-11-20T16:38:38Z,VBScript,github-linguist 8.0.1,2024-09-29T19:06:43Z
visioguy/VisioStyleResources,2019-11-20T16:39:09Z,VBA,github-linguist 8.0.1,2024-09-29T19:06:43Z
scurryc1024/Employee-Contact-List,2019-11-20T17:35:53Z,Visual Basic .NET,github-linguist 8.0.1,2024-09-29T19:06:43Z
Mikl-fr/ConsoleAppGit,2019-11-20T18:54:54Z,Visual Basic .NET,github-linguist 8.0.1,2024-09-29T19:06:43Z
Salahahdin/Triangle-Checker,2019-11-20T19:04:26Z,Visual Basic 6.0,github-linguist 8.0.1,2024-09-29T19:06:43Z
nathan19994/SchoolGrading,2019-11-20T19:14:42Z,Visual Basic .NET,github-linguist 8.0.1,2024-09-29T19:06:43Z
zelon88/Meterpreter_Defender,2019-11-20T19:37:45Z,VBScript,github-linguist 8.0.1,2024-09-29T19:06:43Z
ekohn13/HMVBA,2019-11-20T19:48:00Z,VBA,github-linguist 8.0.1,2024-09-29T19:06:43Z
NanisTe/outlook-fast-email-tagging,2019-11-20T19:51:20Z,VBA,github-linguist 8.0.1,2024-09-29T19:06:43Z
edycgan/tinker,2019-11-20T19:57:09Z,Visual Basic .NET,github-linguist 8.0.1,2024-09-29T19:06:43Z
gema-arta/browserchooser,2016-07-03T03:21:08Z,Visual Basic .NET,github-linguist 8.0.1,2024-09-29T19:06:43Z
NanisTe/outlook-email-set-expiration-date,2019-11-20T20:30:34Z,VBA,github-linguist 8.0.1,2024-09-29T19:06:43Z
BambooS99/ContactListProject,2019-11-20T21:05:42Z,Visual Basic .NET,github-linguist 8.0.1,2024-09-29T19:06:43Z
QaziMohi/String-Manipulation,2019-11-20T21:20:39Z,Visual Basic .NET,github-linguist 8.0.1,2024-09-29T19:06:43Z
Mashiane/BANanoPhaser,2019-11-20T21:29:04Z,B4X,github-linguist 8.0.1,2024-09-29T19:06:43Z
Miguel-RJ/MetodoEuler,2019-11-20T21:28:19Z,Visual Basic .NET,github-linguist 8.0.1,2024-09-29T19:06:43Z
real2two/tac,2019-11-20T22:35:37Z,BASIC,github-linguist 8.0.1,2024-09-29T19:06:43Z
dougj678/VBA-challenge,2019-11-20T22:36:22Z,VBScript,github-linguist 8.0.1,2024-09-29T19:06:43Z
MuhammadAlifJaya/AlifJaya,2019-11-19T00:02:43Z,Visual Basic .NET,github-linguist 8.0.1,2024-09-29T20:07:49Z
TheXDS/MCART-Classic,2019-11-19T00:35:20Z,Visual Basic .NET,github-linguist 8.0.1,2024-09-29T20:07:49Z
nrlsyhmina/Left-Right-Mid-VB,2019-11-19T01:15:06Z,Visual Basic .NET,github-linguist 8.0.1,2024-09-29T20:07:49Z
kftwin/WindEnergy,2019-11-19T01:37:15Z,VBA,github-linguist 8.0.1,2024-09-29T20:07:49Z
SPT-Seb/VBASessionizeSlideGenerator,2019-11-19T01:55:56Z,VBScript,github-linguist 8.0.1,2024-09-29T20:07:49Z
kftwin/GainesvilleBusScheduler,2019-11-19T02:10:04Z,VBA,github-linguist 8.0.1,2024-09-29T20:07:49Z
OGDeguy/WinGroupBrute,2019-11-19T02:31:42Z,VBScript,github-linguist 8.0.1,2024-09-29T20:07:49Z
quivers031/ProjectSAA,2019-11-19T05:27:09Z,Visual Basic .NET,github-linguist 8.0.1,2024-09-29T20:07:49Z
quivers031/TugasWeek11,2019-11-19T05:31:38Z,Visual Basic .NET,github-linguist 8.0.1,2024-09-29T20:07:49Z
piyushS3V3N/Visual-Studio-Project,2019-11-19T06:20:52Z,Visual Basic .NET,github-linguist 8.0.1,2024-09-29T20:07:49Z
Tamakichi/VBIchigoTool,2019-11-19T08:45:18Z,Visual Basic .NET,github-linguist 8.0.1,2024-09-29T20:07:49Z
redframboise/fusioninventory,2019-11-19T08:52:14Z,VBScript,github-linguist 8.0.1,2024-09-29T20:07:49Z
baminmru/INVENTORY,2019-11-19T09:14:15Z,Visual Basic 6.0,github-linguist 8.0.1,2024-09-29T20:07:49Z
baminmru/MONITORING_HAND_TERMINAL,2019-11-19T09:22:40Z,Visual Basic .NET,github-linguist 8.0.1,2024-09-29T20:07:49Z
SchwabNicolas/Excel-GameOfLife,2019-11-19T09:55:39Z,Visual Basic .NET,github-linguist 8.0.1,2024-09-29T20:07:49Z
baminmru/STORE_WEIGHT_POINT,2019-11-19T09:55:10Z,Visual Basic 6.0,github-linguist 8.0.1,2024-09-29T20:07:49Z
cyberdoc360/malware,2019-11-19T10:09:19Z,HTML,github-linguist 8.0.1,2024-09-29T20:07:49Z
Bobwilliams11/management-system_bobby,2019-11-19T10:13:08Z,Visual Basic .NET,github-linguist 8.0.1,2024-09-29T20:07:49Z
HaniyaAnis/Array,2019-11-19T10:19:11Z,Visual Basic .NET,github-linguist 8.0.1,2024-09-29T20:07:49Z
Lidan2806/Visual_Basic_CRUD,2019-11-19T13:05:45Z,Visual Basic .NET,github-linguist 8.0.1,2024-09-29T20:07:49Z
desarrollo-y-soporte/ServiceAppFinal,2019-11-19T13:49:21Z,Visual Basic .NET,github-linguist 8.0.1,2024-09-29T20:07:49Z
ahmadmahdar16/One-Time-Pad-Spread-Spectrum,2019-11-19T15:16:09Z,Visual Basic .NET,github-linguist 8.0.1,2024-09-29T20:07:49Z
k-kresek/zeroes_count_vba,2019-11-19T22:09:32Z,VBA,github-linguist 8.0.1,2024-09-29T20:07:49Z
MahaYousuf1022025/Arrays,2019-11-18T02:18:42Z,Visual Basic .NET,github-linguist 8.0.1,2024-09-29T21:06:56Z
chi121k/Tools,2019-11-18T02:26:44Z,VBScript,github-linguist 8.0.1,2024-09-29T21:06:56Z
nguyenngocanh94/laravel-docker,2019-11-18T02:33:35Z,Visual Basic 6.0,github-linguist 8.0.1,2024-09-29T21:06:56Z
raedion/CommandToFormula,2019-11-18T02:54:21Z,VBA,github-linguist 8.0.1,2024-09-29T21:06:56Z
juglans/finereport,2017-05-01T15:25:30Z,Visual Basic 6.0,github-linguist 8.0.1,2024-09-29T21:06:56Z
reynaldocavero/julio_cesar_tello_2019,2019-11-18T04:58:50Z,Visual Basic .NET,github-linguist 8.0.1,2024-09-29T21:06:56Z
DaveBabler/VB-Yachts,2019-11-18T05:21:20Z,Visual Basic .NET,github-linguist 8.0.1,2024-09-29T21:06:56Z
cdimmock/VBA_HW,2019-11-18T05:28:09Z,VBScript,github-linguist 8.0.1,2024-09-29T21:06:56Z
sakuragi214/SE_FW2,2019-11-18T07:19:17Z,Visual Basic .NET,github-linguist 8.0.1,2024-09-29T21:06:56Z
linhucong110/Tank90,2019-11-18T07:35:34Z,Visual Basic .NET,github-linguist 8.0.1,2024-09-29T21:06:56Z
sendys/Menyimpan-Koneksi-DB,2019-11-18T07:58:41Z,Visual Basic .NET,github-linguist 8.0.1,2024-09-29T21:06:56Z
teethai1/Map_Management,2019-11-18T09:34:39Z,Visual Basic .NET,github-linguist 8.0.1,2024-09-29T21:06:56Z
Arihant25/Virus,2019-11-18T09:53:54Z,Visual Basic 6.0,github-linguist 8.0.1,2024-09-29T21:06:56Z
jorgmour/programacion,Unknown (repo deleted or no commits),,,
jorgmour/Checkbox,2019-11-18T10:44:09Z,Visual Basic .NET,github-linguist 8.0.1,2024-09-29T21:06:56Z
leonhad/pcbasic,2019-11-18T11:45:03Z,BASIC,github-linguist 8.0.1,2024-09-29T21:06:56Z
karenpayneoregon/SqlNormalization,2019-11-18T12:01:20Z,Visual Basic .NET,github-linguist 8.0.1,2024-09-29T21:06:56Z
szczypiorofix/freebasicTest,2019-11-18T13:21:52Z,FreeBasic,github-linguist 8.0.1,2024-09-29T21:06:56Z
Np51/Employee,2019-11-18T13:47:49Z,Visual Basic .NET,github-linguist 8.0.1,2024-09-29T21:06:56Z
zouxiaofei1/Music-player,2019-11-18T14:22:27Z,Visual Basic 6.0,github-linguist 8.0.1,2024-09-29T21:06:56Z
TheaudinYvan/ManagementMysql,2019-11-18T14:49:09Z,Visual Basic .NET,github-linguist 8.0.1,2024-09-29T21:06:56Z
kazumaz/damaservice,2019-11-18T15:21:28Z,Visual Basic 6.0,github-linguist 8.0.1,2024-09-29T21:06:56Z
Schaefdawg50/ExceltoOutlookCopyPaste,2019-11-18T15:30:05Z,Visual Basic .NET,github-linguist 8.0.1,2024-09-29T21:06:56Z
Riyuuta/Payroll,2019-11-18T16:03:55Z,Visual Basic .NET,github-linguist 8.0.1,2024-09-29T21:06:56Z
hassanshahani/SringManipulation,2019-11-18T16:38:28Z,Visual Basic .NET,github-linguist 8.0.1,2024-09-29T21:06:56Z
redtempo/dnnstuff,Unknown (repo deleted or no commits),,,
redtempo/dnnstuff,Unknown (repo deleted or no commits),,,
redtempo/dnnstuff,Unknown (repo deleted or no commits),,,
redtempo/dnnstuff,Unknown (repo deleted or no commits),,,
jgolbeck/ComputerProgramsForTheKitchen,2019-11-18T18:30:25Z,BASIC,github-linguist 8.0.1,2024-09-29T21:06:56Z
SihabSahariar/sis,2019-11-18T19:52:34Z,Visual Basic 6.0,github-linguist 8.0.1,2024-09-29T21:06:56Z
hotheadheather/Byte-Jam,2019-11-06T14:11:46Z,Visual Basic .NET,github-linguist 8.0.1,2024-09-29T21:06:56Z
jofreeman1014/excel,2019-11-18T20:19:38Z,VBA,github-linguist 8.0.1,2024-09-29T21:06:56Z
Svetomech/Legacy,2017-02-15T19:20:34Z,Visual Basic .NET,github-linguist 8.0.1,2024-09-29T21:06:56Z
zelon88/Ransomware_Defender,2019-11-18T21:14:10Z,VBScript,github-linguist 8.0.1,2024-09-29T21:06:56Z
mlarsen/SalesTaxManagement,2019-03-12T16:19:19Z,Visual Basic .NET,github-linguist 8.0.1,2024-09-29T21:06:56Z
sumanda97/Program-Apotik,2019-11-18T23:13:11Z,Visual Basic .NET,github-linguist 8.0.1,2024-09-29T21:06:56Z
RIMP-IM/HP_VB,2019-11-10T02:54:05Z,Visual Basic .NET,github-linguist 8.0.1,2024-09-29T21:06:56Z
sumanda97/Sistem-Informasi-Akuntansi,2019-11-18T23:34:25Z,Visual Basic .NET,github-linguist 8.0.1,2024-09-29T21:06:56Z
Neeta90/VBA_StockDataAnalysis,2019-11-18T23:36:14Z,VBA,github-linguist 8.0.1,2024-09-29T21:06:56Z
zcolbert/XLSM_StringTools,2019-11-18T23:47:27Z,Visual Basic 6.0,github-linguist 8.0.1,2024-09-29T21:06:56Z
hiro-753/Outlook-ReplyWithQuoting,2019-11-17T00:12:24Z,VBA,github-linguist 8.0.1,2024-09-29T22:07:16Z
Bilal-Habib/Rental-Car-Project,2019-11-17T02:37:15Z,Visual Basic .NET,github-linguist 8.0.1,2024-09-29T22:07:16Z
RGBA-CRT/LSPK-Extracter,2019-11-17T02:56:14Z,Visual Basic .NET,github-linguist 8.0.1,2024-09-29T22:07:16Z
DeanSH/VB,Unknown (repo deleted or no commits),,,
acamann/SVA-FTO-Request,2019-11-17T03:16:50Z,Visual Basic .NET,github-linguist 8.0.1,2024-09-29T22:07:16Z
Kodbear/RaidPotionCalc,2019-11-17T03:37:05Z,Visual Basic .NET,github-linguist 8.0.1,2024-09-29T22:07:16Z
sushivendor/vb,Unknown (repo deleted or no commits),,,
NRiff/VBA-Challange,2019-11-17T04:20:18Z,VBScript,github-linguist 8.0.1,2024-09-29T22:07:16Z
SagarRajputSV/FlexGridInVb,2019-11-17T04:51:40Z,Visual Basic .NET,github-linguist 8.0.1,2024-09-29T22:07:16Z
NicholasLoganPierce/VBA-challenge,2019-11-17T05:22:49Z,VBScript,github-linguist 8.0.1,2024-09-29T22:07:16Z
Toyody/Laravelgram,2019-11-17T07:32:37Z,Visual Basic 6.0,github-linguist 8.0.1,2024-09-29T22:07:16Z
FacuM/Ecogames,2019-11-17T09:23:27Z,Visual Basic .NET,github-linguist 8.0.1,2024-09-29T22:07:16Z
cyberdive/vb_tcpthreads,2019-11-17T09:30:50Z,Visual Basic .NET,github-linguist 8.0.1,2024-09-29T22:07:16Z
yuriko192/GuiBank,2019-11-17T10:21:02Z,Visual Basic .NET,github-linguist 8.0.1,2024-09-29T22:07:16Z
emcastro/word-multivalued-mailmerge,2019-11-12T10:27:52Z,VBA,github-linguist 8.0.1,2024-09-29T22:07:16Z
tobiies/VariableCounter,2019-11-17T11:57:26Z,Visual Basic .NET,github-linguist 8.0.1,2024-09-29T22:07:16Z
X900/FileNet-Bulk-Scripts,2019-11-17T13:07:03Z,VBScript,github-linguist 8.0.1,2024-09-29T22:07:16Z
AlexPatey/Calculator,2019-11-17T13:42:11Z,Visual Basic .NET,github-linguist 8.0.1,2024-09-29T22:07:16Z
cefriandy/Boring-House-in-VB,2019-11-17T14:02:16Z,Visual Basic .NET,github-linguist 8.0.1,2024-09-29T22:07:16Z
TopGunGe/GPS-and-BDS-Satellite-Position-Calculatio-Program,2019-11-17T14:53:29Z,Visual Basic .NET,github-linguist 8.0.1,2024-09-29T22:07:16Z
QingProjects/3GPVideoConverter,2019-11-17T16:30:06Z,Visual Basic 6.0,github-linguist 8.0.1,2024-09-29T22:07:16Z
aleezeh/Array-Manipulation,2019-11-17T17:17:52Z,Visual Basic .NET,github-linguist 8.0.1,2024-09-29T22:07:16Z
HarishOsthe/Azlan_iguess,2019-11-17T11:48:57Z,Visual Basic .NET,github-linguist 8.0.1,2024-09-29T22:07:16Z
A191138/AS-LEVEL-PAST-PAPER-SOLVED-CODES,2019-11-17T17:51:29Z,Visual Basic .NET,github-linguist 8.0.1,2024-09-29T22:07:16Z
hanzala2203/String-Menupulation,2019-11-17T18:25:32Z,Visual Basic .NET,github-linguist 8.0.1,2024-09-29T22:07:16Z
teamsmahdi/2019_tmw_tp2_ex4,2019-11-17T19:03:11Z,Visual Basic .NET,github-linguist 8.0.1,2024-09-29T22:07:16Z
Team3840/Data-Graph,2019-11-17T19:11:23Z,Visual Basic .NET,github-linguist 8.0.1,2024-09-29T22:07:16Z
Zeeshanahmed2002/Arrays,2019-11-17T19:19:27Z,Visual Basic .NET,github-linguist 8.0.1,2024-09-29T22:07:16Z
jonarisdelacruz/chapter8hw-jonarisdelacruz,2019-11-17T19:46:02Z,Visual Basic .NET,github-linguist 8.0.1,2024-09-29T22:07:16Z
torgeirtrex/visualbasic,Unknown (repo deleted or no commits),,,
Code-Block-Init/Creating-Simple-DLL,2019-11-17T20:40:46Z,Visual Basic .NET,github-linguist 8.0.1,2024-09-29T22:07:16Z
Shrapn3l/Armour-Penetration-calulator,2019-11-17T21:32:13Z,Visual Basic .NET,github-linguist 8.0.1,2024-09-29T22:07:16Z
Shrapn3l/celsius-fahrenheit-converter,2019-11-17T21:37:31Z,Visual Basic .NET,github-linguist 8.0.1,2024-09-29T22:07:16Z
bozimmerman/64miniword,2019-11-15T19:16:52Z,BASIC,github-linguist 8.0.1,2024-09-29T23:07:18Z
bozimmerman/diskfiler,2019-11-15T19:35:56Z,BASIC,github-linguist 8.0.1,2024-09-29T23:07:18Z
zvero11/connect-four,2019-11-16T03:17:53Z,Visual Basic .NET,github-linguist 8.0.1,2024-09-29T23:07:18Z
ashumeow/BarcodeImage_Generate_Read,2019-11-16T05:51:39Z,Visual Basic .NET,github-linguist 8.0.1,2024-09-29T23:07:18Z
dmilestone/HomeworkAssignments,2019-11-16T06:30:35Z,VBA,github-linguist 8.0.1,2024-09-29T23:07:18Z
Shalin-Shekhar/VBA-challenge,2019-11-16T06:41:13Z,VBScript,github-linguist 8.0.1,2024-09-29T23:07:18Z
RuFerdZ/Basic-Calculator-using-VB,Unknown (repo deleted or no commits),,,
abhayla/Algo2Trade-BackTester,2019-08-05T14:50:09Z,Visual Basic .NET,github-linguist 8.0.1,2024-09-29T23:07:18Z
abhayla/Algo2Trade-Live-Two-Third-,2019-11-16T09:46:37Z,Visual Basic .NET,github-linguist 8.0.1,2024-09-29T23:07:18Z
igoreksiz/xlam,2019-10-23T18:55:02Z,VBA,github-linguist 8.0.1,2024-09-29T23:07:18Z
dhirajhargode/scripts,2019-11-16T11:30:51Z,VBScript,github-linguist 8.0.1,2024-09-29T23:07:18Z
DeanSH/VB6_MultiHost_P2P_Webcam,2019-11-16T11:40:18Z,Visual Basic 6.0,github-linguist 8.0.1,2024-09-29T23:07:18Z
DeanSH/VB6_MyChat_Messenger,2019-11-16T11:52:40Z,Visual Basic 6.0,github-linguist 8.0.1,2024-09-29T23:07:18Z
MuhammadAreebKazmi/AS-level-String-Manipulation-,2019-11-16T11:54:20Z,Visual Basic .NET,github-linguist 8.0.1,2024-09-29T23:07:18Z
DeanSH/VB6_P2P_Desktop_Streaming,2019-11-16T12:06:23Z,Visual Basic 6.0,github-linguist 8.0.1,2024-09-29T23:07:18Z
davidaja25/congenial-funicular,2019-11-16T13:31:49Z,Visual Basic 6.0,github-linguist 8.0.1,2024-09-29T23:07:18Z
DeanSH/VB6_YippyChat_Messenger,2019-11-16T16:22:29Z,Visual Basic 6.0,github-linguist 8.0.1,2024-09-29T23:07:18Z
jdisarufino/VBA-challenge,2019-11-16T17:50:30Z,VBScript,github-linguist 8.0.1,2024-09-29T23:07:18Z
igoreksiz/Automation,2019-11-11T13:47:59Z,VBA,github-linguist 8.0.1,2024-09-29T23:07:18Z
LuisArana631/PDF_Creator,2019-11-16T18:23:20Z,Visual Basic .NET,github-linguist 8.0.1,2024-09-29T23:07:18Z
lucassilvavi/Api-java,2019-11-16T18:29:28Z,Visual Basic 6.0,github-linguist 8.0.1,2024-09-29T23:07:18Z
jotingwong/VBA-challenge,2019-11-16T19:12:51Z,VBScript,github-linguist 8.0.1,2024-09-29T23:07:18Z
SozlukYazilimi/SozlukScripti,2019-11-16T19:47:43Z,Visual Basic .NET,github-linguist 8.0.1,2024-09-29T23:07:18Z
ryovann/sistema,2017-03-07T17:14:39Z,Visual Basic .NET,github-linguist 8.0.1,2024-09-29T23:07:18Z
sraisian/VBA-challenge,2019-11-16T22:46:08Z,VBA,github-linguist 8.0.1,2024-09-29T23:07:18Z
thlambert/VB,Unknown (repo deleted or no commits),,,
thlambert/VB,Unknown (repo deleted or no commits),,,
AlbertoSpano/Porco,2019-11-15T01:39:53Z,Visual Basic .NET,github-linguist 8.0.1,2024-09-30T01:35:38Z
caleberocha/VSCodeInstaller,2019-11-15T01:47:37Z,VBScript,github-linguist 8.0.1,2024-09-30T01:35:38Z
levurge/vbs-script-dev,2019-11-15T03:18:32Z,VBScript,github-linguist 8.0.1,2024-09-30T01:35:38Z
ylt1233/ylt,2019-11-15T04:36:44Z,Visual Basic .NET,github-linguist 8.0.1,2024-09-30T01:35:38Z
equipo3arrayanes2019/vivero,2019-11-15T05:49:59Z,Visual Basic .NET,github-linguist 8.0.1,2024-09-30T01:35:38Z
vseib/back-to-basic,2019-11-15T08:32:10Z,BASIC,github-linguist 8.0.1,2024-09-30T01:35:38Z
benaston50/chess,2019-11-15T10:15:58Z,Visual Basic .NET,github-linguist 8.0.1,2024-09-30T01:35:38Z
a16diegoar/DI_PruebaDatos,2019-11-15T10:17:23Z,Visual Basic .NET,github-linguist 8.0.1,2024-09-30T01:35:38Z
gugumice/prn2msword,2019-11-15T11:25:35Z,VBA,github-linguist 8.0.1,2024-09-30T01:35:38Z
cnnews/WeChat_DingTalk_Msg,2019-11-15T11:25:59Z,Visual Basic .NET,github-linguist 8.0.1,2024-09-30T01:35:38Z
andermaestre/EjemploDataSet,2019-11-15T12:02:01Z,Visual Basic .NET,github-linguist 8.0.1,2024-09-30T01:35:38Z
omere2/blimpy,2019-11-15T13:09:18Z,BASIC,github-linguist 8.0.1,2024-09-30T01:35:38Z
maxidron10/testScripts,2019-11-15T13:29:36Z,VBScript,github-linguist 8.0.1,2024-09-30T01:35:38Z
gr8scorpi0/queue,2019-11-15T14:46:01Z,Visual Basic .NET,github-linguist 8.0.1,2024-09-30T01:35:38Z
theboshy/client-consum,2019-11-15T14:50:28Z,VBScript,github-linguist 8.0.1,2024-09-30T01:35:38Z
Julesc013/blue-dog-cafe-rostering-system,2019-11-15T14:47:58Z,Visual Basic .NET,github-linguist 8.0.1,2024-09-30T01:35:38Z
LuciaRolon/LoLClientModifier,2019-11-15T16:17:22Z,Visual Basic .NET,github-linguist 8.0.1,2024-09-30T01:35:38Z
tyler-england/machine-cost-history,2019-11-15T16:37:39Z,VBA,github-linguist 8.0.1,2024-09-30T01:35:38Z
tyler-england/price-book,2019-11-15T16:41:07Z,VBA,github-linguist 8.0.1,2024-09-30T01:35:38Z
A191138/string-manipulation,2019-11-15T16:53:25Z,Visual Basic .NET,github-linguist 8.0.1,2024-09-30T01:35:38Z
raiden16/DescargarYLeer,2019-11-14T17:52:11Z,Visual Basic .NET,github-linguist 8.0.1,2024-09-30T01:35:38Z
Domenico-D/School-Projects,2019-11-15T18:52:56Z,Visual Basic 6.0,github-linguist 8.0.1,2024-09-30T01:35:38Z
xlsarath/Listener,2019-11-15T19:10:27Z,VBScript,github-linguist 8.0.1,2024-09-30T01:35:38Z
CentrePlus/APIcall,2019-11-15T21:13:08Z,Visual Basic .NET,github-linguist 8.0.1,2024-09-30T01:35:38Z
MaskedBit/WinformsTest,2019-11-15T21:27:04Z,Visual Basic .NET,github-linguist 8.0.1,2024-09-30T01:35:38Z
ferus2306/FirusTaxCalculator,2019-11-15T21:29:00Z,Visual Basic .NET,github-linguist 8.0.1,2024-09-30T01:35:38Z
micahcooper/Excel-Macros,2019-11-15T20:21:55Z,VBA,github-linguist 8.0.1,2024-09-30T01:35:38Z
osalabs/db,Unknown (repo deleted or no commits),,,
GrcPendragon/Udg,2019-11-15T23:19:02Z,Visual Basic .NET,github-linguist 8.0.1,2024-09-30T01:35:38Z
DirtySenpai/Cheat-Loader-CSGO,2017-08-19T22:46:20Z,Visual Basic .NET,github-linguist 8.0.1,2024-09-30T01:35:38Z
DaveCNC/GRBL,2018-10-06T21:27:05Z,Visual Basic .NET,github-linguist 8.0.1,2024-09-30T01:35:38Z
JuanKastli/TesisMercado,2019-11-14T00:54:53Z,Visual Basic .NET,github-linguist 8.0.1,2024-09-30T02:33:00Z
yosshii50/GraphicsViewer,2019-11-14T02:16:06Z,Visual Basic .NET,github-linguist 8.0.1,2024-09-30T02:33:00Z
fayyazj/VBA-challenge,2019-11-14T02:31:13Z,Visual Basic .NET,github-linguist 8.0.1,2024-09-30T02:33:00Z
abdnhussain/UniqueIQ---Reg-Log,2019-11-14T02:35:37Z,Visual Basic .NET,github-linguist 8.0.1,2024-09-30T02:33:00Z
dmac18/VB,Unknown (repo deleted or no commits),,,
davidbjohnston1/VBA-Challenge,2019-11-14T03:18:19Z,Visual Basic .NET,github-linguist 8.0.1,2024-09-30T02:33:00Z
ryanburgess173/Capstone_Project,2019-11-14T03:53:33Z,Visual Basic .NET,github-linguist 8.0.1,2024-09-30T02:33:00Z
DWRoelands/xl2md,2019-11-14T04:29:30Z,Visual Basic .NET,github-linguist 8.0.1,2024-09-30T02:33:00Z
Nurinhudaeizzany/Question-6-Chp-7,2019-11-14T04:54:45Z,Visual Basic .NET,github-linguist 8.0.1,2024-09-30T02:33:00Z
huishan23/bello,2019-11-14T06:30:56Z,Visual Basic .NET,github-linguist 8.0.1,2024-09-30T02:33:00Z
Maritime-Naval-FOSS/openAudit,2019-11-14T07:17:57Z,VBScript,github-linguist 8.0.1,2024-09-30T02:33:00Z
javametro/WindowsAutoTools,2019-11-14T08:10:56Z,VBScript,github-linguist 8.0.1,2024-09-30T02:33:00Z
thelast000/bookMST,2019-11-14T08:46:11Z,Visual Basic .NET,github-linguist 8.0.1,2024-09-30T02:33:00Z
RjrodG/WMMCAdmissionBoardSystem,2019-11-14T09:05:36Z,Visual Basic .NET,github-linguist 8.0.1,2024-09-30T02:33:00Z
Kamatarou/IgnitionMybatch,2019-11-14T11:15:15Z,VBScript,github-linguist 8.0.1,2024-09-30T02:33:00Z
MauriceCalvert/RealSense-Calibrator,2019-11-14T11:41:24Z,Visual Basic .NET,github-linguist 8.0.1,2024-09-30T02:33:00Z
carldmalingalan/JandA,2019-11-14T13:27:48Z,Visual Basic .NET,github-linguist 8.0.1,2024-09-30T02:33:00Z
Aftermathrar/RPG,Unknown (repo deleted or no commits),,,
HussainEmad/string-manipulation,2019-11-14T14:36:24Z,Visual Basic .NET,github-linguist 8.0.1,2024-09-30T02:33:00Z
bootstudy/VB_WinForm,2019-11-14T14:57:43Z,Visual Basic .NET,github-linguist 8.0.1,2024-09-30T02:33:00Z
joonshakya/JS-Access,2019-11-14T15:38:10Z,BASIC,github-linguist 8.0.1,2024-09-30T02:33:00Z
querneu/OnlyBadViBs,2019-11-14T16:20:48Z,VBScript,github-linguist 8.0.1,2024-09-30T02:33:00Z
AliSurani/AS-codes,2019-11-14T17:20:43Z,Visual Basic .NET,github-linguist 8.0.1,2024-09-30T02:33:00Z
Mikhail-Romanov/Visual,2019-11-14T17:25:41Z,Visual Basic .NET,github-linguist 8.0.1,2024-09-30T02:33:00Z
nawfal-hussain/string-manipulation,2019-11-14T17:39:29Z,Visual Basic .NET,github-linguist 8.0.1,2024-09-30T02:33:00Z
muneebazeem3/Projects,2019-11-14T18:26:30Z,Visual Basic .NET,github-linguist 8.0.1,2024-09-30T02:33:00Z
looseking/test,2019-11-14T18:29:23Z,Visual Basic .NET,github-linguist 8.0.1,2024-09-30T02:33:00Z
svengeful/STRING-MANIPULATION,2019-11-14T18:50:52Z,Visual Basic .NET,github-linguist 8.0.1,2024-09-30T02:33:00Z
HassanFarooqui21/STRING-MANIPULATION,2019-11-14T18:54:32Z,Visual Basic .NET,github-linguist 8.0.1,2024-09-30T02:33:00Z
acmclain/COS2115,2019-11-14T20:46:05Z,Visual Basic .NET,github-linguist 8.0.1,2024-09-30T02:33:00Z
soco83/Proyecto_100M,2019-11-14T23:37:04Z,Visual Basic .NET,github-linguist 8.0.1,2024-09-30T02:33:00Z
